musym,value,valid_subsoil,data_source,unfavorable
100A,118,FAV,IL buletin,0
101A,125,FAV,IL buletin,0
102A,121,FAV,IL buletin,0
103A,130,FAV,IL buletin,0
104A,132,FAV,IL buletin,0
104B,132,FAV,IL buletin,0
105A,129,FAV,IL buletin,0
105B,129,FAV,IL buletin,0
105B2,129,FAV,IL buletin,0
105C,129,FAV,IL buletin,0
105C2,129,FAV,IL buletin,0
1067A,133,FAV,IL univeristy,0
106B,113,FAV,IL buletin,0
106C2,113,FAV,IL buletin,0
1070,132,FAV,IL buletin,0
1070A,132,FAV,IL buletin,0
1070L,132,FAV,IL buletin,0
1071,111,FAV,IL buletin,0
1071A,111,FAV,IL buletin,0
1076A,139,FAV,IL buletin,0
1082A,125,FAV,IL univeristy,0
1083A,116,FAV,IL buletin,0
1085A,82,FAV,IL univeristy,0
109,106,FAV,IL buletin,0
109A,106,FAV,IL buletin,0
10C,81,UNF,IL buletin,1
10D,81,UNF,IL buletin,1
1100A,118,FAV,IL buletin,0
1103A,130,FAV,IL buletin,0
1107A,139,FAV,IL buletin,0
1108A,111,FAV,IL buletin,0
1108T,111,FAV,IL buletin,0
111A,114,FAV,IL buletin,0
112,117,FAV,IL buletin,0
112A,117,FAV,IL buletin,0
113A,119,FAV,IL buletin,0
113B,119,FAV,IL buletin,0
113B2,119,FAV,IL buletin,0
1152A,144,FAV,IL buletin,0
1153A,136,FAV,IL buletin,0
116,116,FAV,IL buletin,0
1166L,133,FAV,IL buletin,0
116A,116,FAV,IL buletin,0
119B,112,FAV,IL buletin,0
119B2,112,FAV,IL buletin,0
119C2,112,FAV,IL buletin,0
119C3,112,FAV,IL univeristy,0
119D,112,FAV,IL buletin,0
119D2,112,FAV,IL buletin,0
119D3,112,FAV,IL univeristy,0
119E,112,FAV,IL buletin,0
119E2,112,FAV,IL buletin,0
1200A,110,FAV,IL univeristy,0
1201A,110,FAV,IL buletin,0
1206A,126,FAV,IL buletin,0
120A,89,UNF,IL buletin,1
1210A,126,FAV,IL buletin,0
1210L,126,FAV,IL buletin,0
122B,98,UNF,IL buletin,1
122B2,98,UNF,IL buletin,1
122C2,98,UNF,IL buletin,1
122C3,98,UNF,IL univeristy,1
122D,98,UNF,IL buletin,1
122D2,98,UNF,IL buletin,1
122D3,98,UNF,IL univeristy,1
122F2,98,UNF,IL buletin,1
123,0,Crop yield data not available,IL buletin,0
1239A,127,FAV,IL buletin,0
1248A,119,FAV,IL univeristy,0
125,129,FAV,IL buletin,0
125A,129,FAV,IL buletin,0
127A,130,FAV,IL buletin,0
127B,130,FAV,IL buletin,0
127B2,130,FAV,IL buletin,0
127C2,130,FAV,IL buletin,0
1288,117,FAV,IL buletin,0
1288A,117,FAV,IL buletin,0
1288L,117,FAV,IL buletin,0
128B,127,FAV,IL buletin,0
128C2,127,FAV,IL buletin,0
12A,97,FAV,IL buletin,0
1302A,114,FAV,IL univeristy,0
1306A,136,FAV,IL buletin,0
131A,111,FAV,IL univeristy,0
131B,111,FAV,IL buletin,0
131B2,111,FAV,IL buletin,0
131C,111,FAV,IL univeristy,0
131C2,111,FAV,IL buletin,0
131D,111,FAV,IL buletin,0
131D2,111,FAV,IL buletin,0
131D3,111,FAV,IL buletin,0
131E,111,FAV,IL buletin,0
131E2,111,FAV,IL buletin,0
131E3,111,FAV,IL buletin,0
131F,111,FAV,IL buletin,0
131F2,111,FAV,IL buletin,0
132,119,FAV,IL buletin,0
132A,119,FAV,IL buletin,0
132B,119,FAV,IL buletin,0
132B2,119,FAV,IL buletin,0
1330A,123,FAV,IL buletin,0
1334A,117,FAV,IL buletin,0
134A,119,FAV,IL buletin,0
134B,119,FAV,IL buletin,0
134B2,119,FAV,IL buletin,0
134C,119,FAV,IL buletin,0
134C2,119,FAV,IL buletin,0
134C3,119,FAV,IL univeristy,0
134D2,119,FAV,IL buletin,0
134D3,119,FAV,IL univeristy,0
134E2,119,FAV,IL buletin,0
134F,119,FAV,IL buletin,0
136,112,FAV,IL buletin,0
136A,112,FAV,IL buletin,0
137A,134,FAV,IL buletin,0
137B,134,FAV,IL buletin,0
138,130,FAV,IL buletin,0
138A,130,FAV,IL buletin,0
138A+,130,FAV,IL univeristy,0
13A,101,FAV,IL buletin,0
13B,101,FAV,IL buletin,0
13B2,101,FAV,IL buletin,0
13C2,101,FAV,IL buletin,0
1400A,137,FAV,IL buletin,0
1404A,118,FAV,IL buletin,0
1405A,116,FAV,IL univeristy,0
1409A,0,Crop yield data not available,IL buletin,0
141A,113,FAV,IL buletin,0
1420,108,FAV,IL buletin,0
1426,101,FAV,IL univeristy,0
1426A,101,FAV,IL buletin,0
142A,132,FAV,IL buletin,0
142A+,132,FAV,IL univeristy,0
1457A,89,FAV,IL univeristy,0
1457L,89,FAV,IL univeristy,0
145B,132,FAV,IL buletin,0
145B2,132,FAV,IL buletin,0
145C2,132,FAV,IL buletin,0
146A,125,FAV,IL buletin,0
146B,125,FAV,IL buletin,0
146B2,125,FAV,IL univeristy,0
146C2,125,FAV,IL univeristy,0
147A,107,UNF,IL buletin,1
147B2,107,UNF,IL buletin,1
147C2,107,UNF,IL buletin,1
1480A,117,FAV,IL buletin,0
1480L,117,FAV,IL buletin,0
1488A,121,FAV,IL buletin,0
148A,135,FAV,IL buletin,0
148B,135,FAV,IL buletin,0
148B2,135,FAV,IL buletin,0
148C2,135,FAV,IL buletin,0
148C3,135,FAV,IL univeristy,0
148D2,135,FAV,IL buletin,0
149A,141,FAV,IL buletin,0
14B,100,UNF,IL buletin,1
14B2,100,UNF,IL buletin,1
14C2,100,UNF,IL buletin,1
14C3,100,UNF,IL univeristy,1
14D,100,UNF,IL buletin,1
14D2,100,UNF,IL buletin,1
14D3,100,UNF,IL univeristy,1
150A,110,FAV,IL univeristy,0
150B,110,FAV,IL univeristy,0
150C,110,FAV,IL buletin,0
150C2,110,FAV,IL univeristy,0
1516A,115,FAV,IL univeristy,0
151A,114,FAV,IL buletin,0
151B,114,FAV,IL buletin,0
1523A,132,FAV,IL buletin,0
1524A,103,FAV,IL buletin,0
1529A,121,FAV,IL buletin,0
152A,144,FAV,IL buletin,0
152A+,144,FAV,IL univeristy,0
153A,136,FAV,IL buletin,0
153A+,136,FAV,IL univeristy,0
154,144,FAV,IL buletin,0
154A,144,FAV,IL buletin,0
154B,144,FAV,IL buletin,0
155A,92,UNF,IL buletin,1
155B2,92,UNF,IL buletin,1
155C2,92,UNF,IL buletin,1
155C3,92,UNF,IL univeristy,1
155D3,92,UNF,IL univeristy,1
1591A,115,FAV,IL buletin,0
159A,120,FAV,IL buletin,0
159B,120,FAV,IL buletin,0
159C2,120,FAV,IL buletin,0
15B,110,FAV,IL buletin,0
15B2,110,FAV,IL buletin,0
15C2,110,FAV,IL buletin,0
15D2,110,FAV,IL buletin,0
15D3,110,FAV,IL univeristy,0
16,109,FAV,IL buletin,0
1626A,124,FAV,IL buletin,0
1648A,0,,IL univeristy,0
164A,109,FAV,IL buletin,0
164B,109,FAV,IL buletin,0
164B2,109,FAV,IL buletin,0
164C,109,FAV,IL buletin,0
164C2,109,FAV,IL buletin,0
164C3,109,FAV,IL univeristy,0
1654A,110,FAV,IL buletin,0
1658A,94,FAV,IL univeristy,0
165A,106,FAV,IL buletin,0
167,108,FAV,IL buletin,0
167A,108,FAV,IL buletin,0
167B,108,FAV,IL buletin,0
16A,109,FAV,IL buletin,0
171A,138,FAV,IL buletin,0
171B,138,FAV,IL buletin,0
171B2,138,FAV,IL buletin,0
171C2,138,FAV,IL buletin,0
171C3,138,FAV,IL univeristy,0
171D2,138,FAV,IL buletin,0
171iB,138,FAV,IL buletin,0
171iC2,138,FAV,IL buletin,0
172A,109,FAV,IL buletin,0
173A,100,UNF,IL buletin,1
173B,100,UNF,IL buletin,1
173B2,100,UNF,IL buletin,1
173C2,100,UNF,IL buletin,1
173C3,100,UNF,IL buletin,1
175A,98,FAV,IL buletin,0
175B,98,FAV,IL buletin,0
175B2,98,FAV,IL buletin,0
175C,98,FAV,IL univeristy,0
175C2,98,FAV,IL buletin,0
175D,98,FAV,IL buletin,0
175D2,98,FAV,IL buletin,0
175D3,98,FAV,IL buletin,0
175F,98,FAV,IL buletin,0
175F2,98,FAV,IL buletin,0
175G,98,FAV,IL univeristy,0
176A,123,FAV,IL buletin,0
176B,123,FAV,IL buletin,0
1776A,138,FAV,IL univeristy,0
1777A,110,FAV,IL buletin,0
178A,99,FAV,IL buletin,0
17A,119,FAV,IL buletin,0
17B,119,FAV,IL buletin,0
17B2,119,FAV,IL buletin,0
182A,123,FAV,IL univeristy,0
1843A,114,FAV,IL buletin,0
1845A,101,FAV,IL buletin,0
1846A,103,FAV,IL univeristy,0
184A,111,FAV,IL buletin,0
184B,111,FAV,IL buletin,0
184C2,111,FAV,IL buletin,0
188A,114,FAV,IL buletin,0
189A,130,FAV,IL buletin,0
189B,130,FAV,IL buletin,0
189B2,130,FAV,IL univeristy,0
1903A,127,FAV,IL buletin,0
190B,110,FAV,IL univeristy,0
190C,110,FAV,IL univeristy,0
191A,121,FAV,IL buletin,0
192A,113,FAV,IL buletin,0
192B,113,FAV,IL buletin,0
192B2,113,FAV,IL univeristy,0
193A,110,FAV,IL buletin,0
193B,110,FAV,IL buletin,0
193B2,110,FAV,IL buletin,0
193C2,110,FAV,IL buletin,0
194C2,104,FAV,IL buletin,0
194D2,104,FAV,IL univeristy,0
194F,104,FAV,IL buletin,0
194G,104,FAV,IL buletin,0
197A,140,FAV,IL buletin,0
198A,143,FAV,IL buletin,0
198B,143,FAV,IL buletin,0
199A,142,FAV,IL buletin,0
199B,142,FAV,IL buletin,0
199B2,142,FAV,IL buletin,0
199C2,142,FAV,IL buletin,0
19C2,111,FAV,IL buletin,0
19C3,111,FAV,IL univeristy,0
19D,111,FAV,IL buletin,0
19D2,111,FAV,IL buletin,0
19D3,111,FAV,IL univeristy,0
19E2,111,FAV,IL buletin,0
19E3,111,FAV,IL univeristy,0
19F,111,FAV,IL buletin,0
19F3,111,FAV,IL univeristy,0
19G,111,FAV,IL buletin,0
200,110,FAV,IL buletin,0
2002,109,FAV,IL univeristy,0
200A,110,FAV,IL univeristy,0
201A,110,FAV,IL buletin,0
2023B,105,FAV,IL univeristy,0
2049A,0,Crop yield data not available,IL buletin,0
204B2,109,FAV,IL buletin,0
204C2,109,FAV,IL univeristy,0
205C,97,FAV,IL univeristy,0
205D,97,FAV,IL univeristy,0
206A,126,FAV,IL buletin,0
2071L,0,Crop yield data not available,IL univeristy,0
2079D,120,FAV,IL univeristy,0
2079E,120,FAV,IL univeristy,0
208,116,FAV,IL buletin,0
2087B,104,FAV,IL univeristy,0
208A,116,FAV,IL buletin,0
210A,126,FAV,IL buletin,0
210A+,126,FAV,IL univeristy,0
2113B,119,FAV,IL univeristy,0
2122B,98,UNF,IL univeristy,1
212B,111,FAV,IL buletin,0
212C,111,FAV,IL buletin,0
212C2,111,FAV,IL buletin,0
212D2,111,FAV,IL buletin,0
212D3,111,FAV,IL univeristy,0
212F,111,FAV,IL buletin,0
213A,133,FAV,IL buletin,0
214B,105,UNF,IL buletin,1
214B2,105,UNF,IL buletin,1
214C,105,UNF,IL buletin,1
214C2,105,UNF,IL buletin,1
214C3,105,UNF,IL buletin,1
214D2,105,UNF,IL buletin,1
214D3,105,UNF,IL buletin,1
214E3,105,UNF,IL univeristy,1
216A,115,FAV,IL buletin,0
216B,115,FAV,IL buletin,0
216C2,115,FAV,IL buletin,0
216C3,115,FAV,IL buletin,0
216D,115,FAV,IL buletin,0
216D2,115,FAV,IL buletin,0
216D3,115,FAV,IL buletin,0
216E,115,FAV,IL buletin,0
216E2,115,FAV,IL buletin,0
216E3,115,FAV,IL buletin,0
216F,115,FAV,IL univeristy,0
216F3,115,FAV,IL buletin,0
216G,115,FAV,IL univeristy,0
2183A,0,Crop yield data not available,IL univeristy,0
218A,114,FAV,IL buletin,0
219,129,FAV,IL buletin,0
2198A,143,FAV,IL univeristy,0
219A,129,FAV,IL buletin,0
21B,113,FAV,IL buletin,0
21C2,113,FAV,IL buletin,0
21C3,113,FAV,IL univeristy,0
21D2,113,FAV,IL buletin,0
21D3,113,FAV,IL univeristy,0
21F2,113,FAV,IL buletin,0
221B,119,FAV,IL buletin,0
221B2,119,FAV,IL buletin,0
221C2,119,FAV,IL buletin,0
221C3,119,FAV,IL univeristy,0
2223B,0,Crop yield data not available,IL univeristy,0
2232A,0,Crop yield data not available,IL buletin,0
223B,116,FAV,IL buletin,0
223B2,116,FAV,IL buletin,0
223C2,116,FAV,IL buletin,0
223C3,116,FAV,IL univeristy,0
223D,116,FAV,IL univeristy,0
223D2,116,FAV,IL buletin,0
223D3,116,FAV,IL univeristy,0
223E3,116,FAV,IL univeristy,0
224C2,105,FAV,IL buletin,0
224C3,105,FAV,IL univeristy,0
224D2,105,FAV,IL buletin,0
224D3,105,FAV,IL univeristy,0
224E,105,FAV,IL buletin,0
224F2,105,FAV,IL buletin,0
224G,105,FAV,IL univeristy,0
225,100,FAV,IL buletin,0
226,106,FAV,IL univeristy,0
227B,122,FAV,IL buletin,0
227C2,122,FAV,IL buletin,0
2284A,0,Crop yield data not available,IL univeristy,0
228A,89,UNF,IL buletin,1
228B,89,UNF,IL buletin,1
228B2,89,UNF,IL univeristy,1
228C,89,UNF,IL buletin,1
228C2,89,UNF,IL univeristy,1
228C3,89,UNF,IL univeristy,1
229A,99,FAV,IL buletin,0
22B,113,FAV,IL buletin,0
22C2,113,FAV,IL buletin,0
22C3,113,FAV,IL univeristy,0
22D2,113,FAV,IL buletin,0
22D3,113,FAV,IL univeristy,0
2304B,0,Crop yield data not available,IL univeristy,0
230A,111,FAV,IL univeristy,0
231A,129,FAV,IL buletin,0
232A,127,FAV,IL buletin,0
233A,122,FAV,IL buletin,0
233B,122,FAV,IL buletin,0
233B2,122,FAV,IL buletin,0
233C2,122,FAV,IL buletin,0
233C3,122,FAV,IL univeristy,0
233D2,122,FAV,IL buletin,0
234A,131,FAV,IL buletin,0
234B,131,FAV,IL buletin,0
235A,121,FAV,IL buletin,0
236A,122,FAV,IL buletin,0
2384B,141,FAV,IL univeristy,0
238A,109,FAV,IL buletin,0
23A,105,FAV,IL buletin,0
23B,105,FAV,IL buletin,0
23B2,105,FAV,IL buletin,0
2408A,0,Crop yield data not available,IL univeristy,0
240A,120,FAV,IL buletin,0
240C2,120,FAV,IL buletin,0
241C2,77,UNF,IL univeristy,1
241C3,77,UNF,IL univeristy,1
241D3,77,UNF,IL univeristy,1
241E3,77,UNF,IL univeristy,1
241F,77,UNF,IL univeristy,1
241G,77,UNF,IL univeristy,1
242A,125,FAV,IL buletin,0
242B,125,FAV,IL buletin,0
243A,122,FAV,IL buletin,0
243B,122,FAV,IL buletin,0
243C2,122,FAV,IL buletin,0
244A,134,FAV,IL buletin,0
2477B,0,Crop yield data not available,IL univeristy,0
2485B,136,FAV,IL univeristy,0
249A,127,FAV,IL buletin,0
24B,122,FAV,IL buletin,0
24C2,122,FAV,IL buletin,0
24D,122,FAV,IL buletin,0
24D2,122,FAV,IL buletin,0
250C2,113,FAV,IL univeristy,0
250D,113,FAV,IL univeristy,0
250D2,113,FAV,IL univeristy,0
250E2,113,FAV,IL univeristy,0
2530B,109,FAV,IL univeristy,0
2530D,109,FAV,IL univeristy,0
256C2,115,FAV,IL buletin,0
2571A,0,Crop yield data not available,IL buletin,0
257A,128,FAV,IL buletin,0
257B,128,FAV,IL buletin,0
257B2,128,FAV,IL buletin,0
2592A,0,Crop yield data not available,IL univeristy,0
259A,119,FAV,IL buletin,0
259B,119,FAV,IL buletin,0
259B2,119,FAV,IL buletin,0
259C2,119,FAV,IL buletin,0
259D2,119,FAV,IL buletin,0
259D3,119,FAV,IL univeristy,0
25E,90,UNF,IL univeristy,1
25F,90,UNF,IL univeristy,1
25G,90,UNF,IL buletin,1
261A,98,FAV,IL buletin,0
262A,115,FAV,IL buletin,0
264C2,101,FAV,IL buletin,0
264D2,101,FAV,IL buletin,0
264D3,101,FAV,IL buletin,0
264E2,101,FAV,IL buletin,0
264G,101,FAV,IL univeristy,0
266A,108,FAV,IL buletin,0
266B,108,FAV,IL buletin,0
267A,126,FAV,IL buletin,0
267B,126,FAV,IL buletin,0
268A,134,FAV,IL buletin,0
268B,134,FAV,IL buletin,0
268C2,134,FAV,IL buletin,0
270A,125,FAV,IL buletin,0
271C2,114,FAV,IL buletin,0
271C3,114,FAV,IL buletin,0
271D2,114,FAV,IL buletin,0
271D3,114,FAV,IL buletin,0
272A,124,FAV,IL buletin,0
2740A,0,Crop yield data not available,IL buletin,0
2741B,82,FAV,IL univeristy,0
274A,120,FAV,IL buletin,0
274B,120,FAV,IL buletin,0
274B2,120,FAV,IL buletin,0
274C,120,FAV,IL buletin,0
274C2,120,FAV,IL buletin,0
274C3,120,FAV,IL buletin,0
274D,120,FAV,IL buletin,0
274D2,120,FAV,IL buletin,0
274D3,120,FAV,IL buletin,0
274E2,120,FAV,IL buletin,0
274F,120,FAV,IL buletin,0
274F2,120,FAV,IL buletin,0
274G,120,FAV,IL buletin,0
274vB2,120,FAV,IL buletin,0
275A,144,FAV,IL buletin,0
275B,144,FAV,IL buletin,0
277B,144,FAV,IL buletin,0
277C,144,FAV,IL buletin,0
277C2,144,FAV,IL buletin,0
278A,125,FAV,IL buletin,0
278B,125,FAV,IL buletin,0
279A,120,FAV,IL buletin,0
279B,120,FAV,IL buletin,0
279B2,120,FAV,IL buletin,0
279B3,120,FAV,IL univeristy,0
279C,120,FAV,IL buletin,0
279C2,120,FAV,IL buletin,0
279C3,120,FAV,IL univeristy,0
279D,120,FAV,IL buletin,0
279D2,120,FAV,IL buletin,0
279D3,120,FAV,IL univeristy,0
27B2,112,FAV,IL buletin,0
27C2,112,FAV,IL buletin,0
27C3,112,FAV,IL univeristy,0
27D2,112,FAV,IL buletin,0
2800A,0,Crop yield data not available,IL univeristy,0
2800B,0,Crop yield data not available,IL univeristy,0
280B,122,FAV,IL buletin,0
280B2,122,FAV,IL buletin,0
280C,122,FAV,IL buletin,0
280C2,122,FAV,IL buletin,0
280C3,122,FAV,IL univeristy,0
280D,122,FAV,IL buletin,0
280D2,122,FAV,IL buletin,0
280D3,122,FAV,IL univeristy,0
280E2,122,FAV,IL buletin,0
280F,122,FAV,IL buletin,0
280F2,122,FAV,IL buletin,0
280G,122,FAV,IL buletin,0
280gC,122,FAV,IL buletin,0
280gC2,122,FAV,IL buletin,0
280gD2,122,FAV,IL buletin,0
2811A,0,Crop yield data not available,IL univeristy,0
2811B,0,Crop yield data not available,IL univeristy,0
2822A,125,FAV,IL univeristy,0
2822B,125,FAV,IL univeristy,0
282D3,75,FAV,IL buletin,0
282F,75,FAV,IL univeristy,0
283B,136,FAV,IL buletin,0
283C2,136,FAV,IL buletin,0
284,134,FAV,IL buletin,0
286A,106,FAV,IL buletin,0
286B,106,FAV,IL buletin,0
286C,106,FAV,IL buletin,0
286C2,106,FAV,IL buletin,0
287,119,FAV,IL buletin,0
287A,119,FAV,IL buletin,0
290A,119,FAV,IL univeristy,0
290B,119,FAV,IL univeristy,0
290B2,119,FAV,IL buletin,0
290C2,119,FAV,IL buletin,0
290D2,119,FAV,IL univeristy,0
2912A,93,UNF,IL univeristy,1
291A,118,FAV,IL buletin,0
291B,118,FAV,IL buletin,0
291B2,118,FAV,IL buletin,0
293A,135,FAV,IL buletin,0
293B,135,FAV,IL buletin,0
294A,131,FAV,IL buletin,0
294B,131,FAV,IL buletin,0
294B2,128,FAV,IL buletin,0
294C2,131,FAV,IL buletin,0
295A,126,FAV,IL buletin,0
295B,126,FAV,IL buletin,0
297A,129,FAV,IL buletin,0
297B,129,FAV,IL buletin,0
297C2,129,FAV,IL buletin,0
297D2,129,FAV,IL buletin,0
298A,114,FAV,IL buletin,0
298B,114,FAV,IL buletin,0
298B2,114,FAV,IL buletin,0
29C2,96,UNF,IL buletin,1
29D2,96,UNF,IL buletin,1
2A,109,FAV,IL buletin,0
300,121,FAV,IL buletin,0
300A,121,FAV,IL buletin,0
301B,102,UNF,IL buletin,1
301B2,102,UNF,IL buletin,1
301C,102,UNF,IL buletin,1
301C2,102,UNF,IL buletin,1
301C3,102,UNF,IL univeristy,1
301D2,102,UNF,IL buletin,1
301D3,102,UNF,IL buletin,1
3026A,109,FAV,IL buletin,0
3028A,122,FAV,IL buletin,0
3038B,109,FAV,IL buletin,0
3070,132,FAV,IL univeristy,0
3070+,132,FAV,IL univeristy,0
3070A,132,FAV,IL buletin,0
3070AS,132,FAV,IL buletin,0
3070L,132,FAV,IL buletin,0
3071,111,FAV,IL buletin,0
3071A,111,FAV,IL buletin,0
3071L,111,FAV,IL buletin,0
3072A,122,FAV,IL buletin,0
3072L,122,FAV,IL buletin,0
3073A,134,FAV,IL buletin,0
3074A,136,FAV,IL buletin,0
3076A,139,FAV,IL buletin,0
3077A,143,FAV,IL buletin,0
3078A,130,FAV,IL buletin,0
307A,118,FAV,IL buletin,0
307B,118,FAV,IL buletin,0
307B2,118,FAV,IL buletin,0
307C2,118,FAV,IL buletin,0
3082A,125,FAV,IL univeristy,0
3083A,116,FAV,IL buletin,0
3083L,116,FAV,IL buletin,0
3085A,82,FAV,IL univeristy,0
3085L,82,FAV,IL univeristy,0
3088B,92,FAV,IL buletin,0
308B,121,FAV,IL buletin,0
308B2,121,FAV,IL buletin,0
308C,121,FAV,IL buletin,0
308C2,121,FAV,IL buletin,0
308C3,121,FAV,IL buletin,0
308D,121,FAV,IL buletin,0
308D2,121,FAV,IL buletin,0
308D3,121,FAV,IL buletin,0
308E,121,FAV,IL buletin,0
308E2,121,FAV,IL buletin,0
308E3,121,FAV,IL buletin,0
308F,121,FAV,IL buletin,0
308F2,121,FAV,IL buletin,0
308F3,121,FAV,IL buletin,0
308G,121,FAV,IL buletin,0
3092A,84,FAV,IL univeristy,0
3092B,84,FAV,IL univeristy,0
3092BL,84,FAV,IL univeristy,0
3092L,84,FAV,IL univeristy,0
30F,107,FAV,IL buletin,0
30G,107,FAV,IL buletin,0
3103A,130,FAV,IL buletin,0
3103L,130,FAV,IL buletin,0
3107,139,FAV,IL buletin,0
3107A,139,FAV,IL buletin,0
3107A+,139,FAV,IL univeristy,0
3107AS,139,FAV,IL buletin,0
3107L,139,FAV,IL buletin,0
3108A,111,FAV,IL buletin,0
3108L,111,FAV,IL buletin,0
3108T,111,FAV,IL buletin,0
310B,115,FAV,IL buletin,0
310C2,115,FAV,IL buletin,0
310D2,115,FAV,IL buletin,0
3115L,128,FAV,IL buletin,0
311B,84,UNF,IL buletin,1
311C,84,UNF,IL buletin,1
311D,84,UNF,IL buletin,1
3131A,111,FAV,IL univeristy,0
3132A,119,FAV,IL buletin,0
3142,132,FAV,IL buletin,0
3142+,132,FAV,IL univeristy,0
3142A,132,FAV,IL buletin,0
314A,98,FAV,IL univeristy,0
315A,79,UNF,IL buletin,1
315B,79,UNF,IL buletin,1
315C2,79,UNF,IL buletin,1
3162A,130,FAV,IL buletin,0
3162L,130,FAV,IL buletin,0
316A,49,UNF,IL buletin,1
3178A,99,FAV,IL univeristy,0
3179A,104,FAV,IL buletin,0
317A,109,FAV,IL buletin,0
3180A,131,FAV,IL buletin,0
3180L,131,FAV,IL buletin,0
3183A,116,FAV,IL buletin,0
318A,105,UNF,IL buletin,1
318B,105,UNF,IL buletin,1
318B2,0,Crop yield data not available,IL univeristy,0
318C2,105,UNF,IL buletin,1
318D2,105,UNF,IL buletin,1
319A,97,FAV,IL buletin,0
31A,102,FAV,IL buletin,0
3208A,116,FAV,IL buletin,0
320A,101,UNF,IL buletin,1
320B,101,UNF,IL buletin,1
320B2,101,UNF,IL univeristy,1
320C2,101,UNF,IL univeristy,1
3210A,126,FAV,IL buletin,0
3210L,126,FAV,IL buletin,0
3225,100,FAV,IL buletin,0
3225A,100,FAV,IL buletin,0
3226,106,FAV,IL buletin,0
3226A,106,FAV,IL buletin,0
322B,116,FAV,IL buletin,0
322B2,116,FAV,IL buletin,0
322C2,116,FAV,IL buletin,0
322D2,116,FAV,IL buletin,0
322D3,116,FAV,IL univeristy,0
3231A,129,FAV,IL buletin,0
3239A,127,FAV,IL buletin,0
323B,103,UNF,IL univeristy,1
323C2,103,UNF,IL univeristy,1
323C3,103,UNF,IL univeristy,1
323D2,103,UNF,IL univeristy,1
323D3,103,UNF,IL univeristy,1
324B,111,FAV,IL buletin,0
324C2,111,FAV,IL buletin,0
325A,116,FAV,IL buletin,0
325B,116,FAV,IL buletin,0
325C2,116,FAV,IL buletin,0
327A,109,FAV,IL buletin,0
327B,109,FAV,IL buletin,0
327B2,109,FAV,IL buletin,0
327C2,109,FAV,IL buletin,0
327D2,109,FAV,IL buletin,0
327D3,109,FAV,IL univeristy,0
3284A,134,FAV,IL buletin,0
3284AS,134,FAV,IL buletin,0
3284L,134,FAV,IL buletin,0
3288,117,FAV,IL univeristy,0
3288A,117,FAV,IL buletin,0
3288L,117,FAV,IL buletin,0
3292A,123,FAV,IL buletin,0
329A,129,FAV,IL univeristy,0
3302A,114,FAV,IL univeristy,0
3302L,114,FAV,IL buletin,0
3304,100,FAV,IL buletin,0
3304+,100,FAV,IL univeristy,0
3304A,100,FAV,IL buletin,0
3304B,100,FAV,IL univeristy,0
3304C,100,FAV,IL buletin,0
3304L,100,FAV,IL univeristy,0
3306,136,FAV,IL buletin,0
3306+,136,FAV,IL univeristy,0
3306A,136,FAV,IL univeristy,0
3306B,136,FAV,IL buletin,0
3306C,136,FAV,IL buletin,0
330A,123,FAV,IL buletin,0
331,132,FAV,IL buletin,0
3314A,98,FAV,IL univeristy,0
3316A,49,UNF,IL buletin,1
3321A,125,FAV,IL buletin,0
3328,109,FAV,IL buletin,0
332A,99,FAV,IL buletin,0
332B,99,FAV,IL buletin,0
332C2,99,FAV,IL univeristy,0
333,128,FAV,IL buletin,0
3331A,132,FAV,IL buletin,0
3331B2,132,FAV,IL univeristy,0
3331L,132,FAV,IL buletin,0
3333A,128,FAV,IL buletin,0
3333L,128,FAV,IL buletin,0
3334A,117,FAV,IL buletin,0
3334L,117,FAV,IL buletin,0
3336A,128,FAV,IL buletin,0
334,117,FAV,IL buletin,0
3352A,118,FAV,IL univeristy,0
335B,104,FAV,IL buletin,0
335C2,104,FAV,IL buletin,0
3360L,113,FAV,IL univeristy,0
3368L,107,FAV,IL univeristy,0
337,110,FAV,IL buletin,0
337A,110,FAV,IL buletin,0
337B,110,FAV,IL buletin,0
3382A,117,FAV,IL buletin,0
3382B,117,FAV,IL buletin,0
3382L,117,FAV,IL buletin,0
338A,100,UNF,IL buletin,1
338B,100,UNF,IL buletin,1
338B2,100,UNF,IL buletin,1
3391A,116,FAV,IL buletin,0
3394A,118,FAV,IL buletin,0
3394B,118,FAV,IL buletin,0
3396A,123,FAV,IL buletin,0
339B,90,UNF,IL buletin,1
339C,90,UNF,IL buletin,1
339C2,90,UNF,IL buletin,1
339C3,90,UNF,IL univeristy,1
339D,90,UNF,IL buletin,1
339D2,90,UNF,IL buletin,1
339D3,90,UNF,IL buletin,1
339E,90,UNF,IL buletin,1
339E2,90,UNF,IL buletin,1
339E3,90,UNF,IL univeristy,1
339F,90,UNF,IL buletin,1
339F2,90,UNF,IL buletin,1
3400A,137,FAV,IL buletin,0
3402,138,FAV,IL univeristy,0
3404A,118,FAV,IL buletin,0
3404L,118,FAV,IL buletin,0
3405A,116,FAV,IL univeristy,0
3406A,120,FAV,IL buletin,0
3406L,120,FAV,IL buletin,0
3408A,0,Crop yield data not available,IL univeristy,0
340B,94,UNF,IL buletin,1
340C2,94,UNF,IL buletin,1
340C3,94,UNF,IL buletin,1
340D,94,UNF,IL buletin,1
340D2,94,UNF,IL buletin,1
340D3,94,UNF,IL buletin,1
340E2,94,UNF,IL buletin,1
340E3,94,UNF,IL buletin,1
340F2,94,UNF,IL buletin,1
3415A,131,FAV,IL buletin,0
3415L,131,FAV,IL buletin,0
3415wA,131,FAV,IL buletin,0
3420,108,FAV,IL buletin,0
3420A,108,FAV,IL buletin,0
3422A,103,FAV,IL buletin,0
3422A+,103,FAV,IL univeristy,0
3424,127,FAV,IL buletin,0
3424A,127,FAV,IL buletin,0
3426A,101,FAV,IL buletin,0
3426A+,101,FAV,IL univeristy,0
3426L,101,FAV,IL buletin,0
3428,132,FAV,IL buletin,0
3428A,132,FAV,IL buletin,0
3428L,132,FAV,IL buletin,0
3430A,138,FAV,IL buletin,0
3431A,125,FAV,IL buletin,0
343A,125,FAV,IL buletin,0
3449L,132,FAV,IL univeristy,0
344A,125,FAV,IL buletin,0
344B,125,FAV,IL buletin,0
344C2,125,FAV,IL buletin,0
3450A,133,FAV,IL buletin,0
3451A,140,FAV,IL buletin,0
3451cA,140,FAV,IL buletin,0
3452A,127,FAV,IL univeristy,0
3452L,127,FAV,IL buletin,0
3456B,118,FAV,IL univeristy,0
3456BL,118,FAV,IL univeristy,0
3457A,89,FAV,IL buletin,0
3465A,110,FAV,IL buletin,0
3468A,121,FAV,IL buletin,0
3473A,132,FAV,IL univeristy,0
3475A,110,FAV,IL univeristy,0
3475L,110,FAV,IL univeristy,0
3480A,117,FAV,IL buletin,0
3480L,117,FAV,IL buletin,0
3482C2,117,FAV,IL buletin,0
3483A,117,FAV,IL buletin,0
348A,121,FAV,IL buletin,0
348B,121,FAV,IL buletin,0
348C2,121,FAV,IL buletin,0
34B2,131,FAV,IL buletin,0
3524A,103,FAV,IL univeristy,0
3524A+,103,FAV,IL univeristy,0
353A,128,FAV,IL buletin,0
354A,84,FAV,IL buletin,0
354B,84,FAV,IL buletin,0
354D,84,FAV,IL univeristy,0
355A,105,FAV,IL buletin,0
356A,144,FAV,IL buletin,0
3579A,85,UNF,IL univeristy,1
357B,107,FAV,IL buletin,0
3590L,119,FAV,IL buletin,0
3592A,120,FAV,IL univeristy,0
3597A,132,FAV,IL buletin,0
3597L,132,FAV,IL buletin,0
359D,119,FAV,IL buletin,0
359D2,119,FAV,IL buletin,0
35F,110,FAV,IL buletin,0
3601A,116,FAV,IL buletin,0
3602A,104,FAV,IL univeristy,0
3603,131,FAV,IL buletin,0
361B,102,FAV,IL univeristy,0
361C,102,FAV,IL univeristy,0
361C2,102,FAV,IL univeristy,0
361C3,102,FAV,IL univeristy,0
361D2,102,FAV,IL univeristy,0
361D3,102,FAV,IL univeristy,0
361E,102,FAV,IL univeristy,0
361E2,102,FAV,IL univeristy,0
361F,102,FAV,IL buletin,0
3634A,126,FAV,IL buletin,0
363B,117,FAV,IL buletin,0
363C2,117,FAV,IL buletin,0
363D2,117,FAV,IL buletin,0
3641L,106,FAV,IL buletin,0
3646A,0,Crop yield data not available,IL buletin,0
3646L,0,Crop yield data not available,IL buletin,0
365A,115,FAV,IL buletin,0
3665A,103,FAV,IL univeristy,0
367,0,Crop yield data not available,IL buletin,0
3682A,131,FAV,IL buletin,0
3682AS,131,FAV,IL buletin,0
3682BL,131,FAV,IL buletin,0
3682L,131,FAV,IL buletin,0
369A,139,FAV,IL buletin,0
369B,139,FAV,IL buletin,0
369B2,139,FAV,IL buletin,0
36A,139,FAV,IL buletin,0
36B,139,FAV,IL buletin,0
36C2,139,FAV,IL buletin,0
36D2,139,FAV,IL buletin,0
37,142,FAV,IL buletin,0
370B,106,FAV,IL buletin,0
370C2,106,FAV,IL buletin,0
3725A,139,FAV,IL buletin,0
3729A+,86,UNF,IL buletin,1
374A,122,FAV,IL buletin,0
375A,133,FAV,IL univeristy,0
375B,133,FAV,IL univeristy,0
375B2,133,FAV,IL univeristy,0
376A,109,FAV,IL buletin,0
3776+,138,FAV,IL univeristy,0
3776A,138,FAV,IL univeristy,0
3776L,138,FAV,IL buletin,0
377A,108,FAV,IL buletin,0
377B,108,FAV,IL buletin,0
377B2,108,FAV,IL buletin,0
3787A,106,FAV,IL buletin,0
379A,112,FAV,IL univeristy,0
379B,112,FAV,IL univeristy,0
379B2,112,FAV,IL univeristy,0
379C2,112,FAV,IL buletin,0
37A,142,FAV,IL buletin,0
37B,142,FAV,IL buletin,0
37C,142,FAV,IL buletin,0
3800A,0,Crop yield data not available,IL buletin,0
3800B,0,Crop yield data not available,IL buletin,0
380A,114,FAV,IL univeristy,0
383B,134,FAV,IL buletin,0
3847L,0,Crop yield data not available,IL univeristy,0
384A,141,FAV,IL buletin,0
384B,141,FAV,IL buletin,0
385A,141,FAV,IL buletin,0
386B,134,FAV,IL buletin,0
3870L,123,FAV,IL buletin,0
3877L,116,FAV,IL univeristy,0
387A,115,FAV,IL buletin,0
387B,115,FAV,IL buletin,0
387C3,115,FAV,IL univeristy,0
388B,129,FAV,IL buletin,0
388B2,129,FAV,IL buletin,0
388C2,129,FAV,IL univeristy,0
392A,0,Crop yield data not available,IL univeristy,0
392B,0,Crop yield data not available,IL univeristy,0
397B,69,UNF,IL buletin,1
397D,69,UNF,IL buletin,1
397F,69,UNF,IL buletin,1
398A,130,FAV,IL buletin,0
398B,130,FAV,IL buletin,0
3A,108,FAV,IL buletin,0
3B,108,FAV,IL buletin,0
3B2,108,FAV,IL buletin,0
3C2,108,FAV,IL buletin,0
403C,61,UNF,IL buletin,1
403D,61,UNF,IL buletin,1
403D2,61,UNF,IL buletin,1
403E,61,UNF,IL buletin,1
403E2,61,UNF,IL buletin,1
403F,61,UNF,IL univeristy,1
403F2,61,UNF,IL buletin,1
403G,61,UNF,IL univeristy,1
408,0,Crop yield data not available,IL buletin,0
40C2,104,FAV,IL buletin,0
40D2,104,FAV,IL buletin,0
4103A,130,FAV,IL buletin,0
4107A,139,FAV,IL univeristy,0
410B,98,FAV,IL buletin,0
410C2,98,FAV,IL buletin,0
410C3,98,FAV,IL univeristy,0
410D2,98,FAV,IL buletin,0
410D3,98,FAV,IL univeristy,0
410F2,98,FAV,IL buletin,0
410G2,98,FAV,IL buletin,0
411B,125,FAV,IL buletin,0
411C2,125,FAV,IL buletin,0
4125A,129,FAV,IL buletin,0
412B,131,FAV,IL buletin,0
412C,131,FAV,IL buletin,0
412C2,131,FAV,IL buletin,0
412C3,131,FAV,IL univeristy,0
413B,100,FAV,IL buletin,0
413C2,100,FAV,IL buletin,0
414B,125,FAV,IL buletin,0
414C,125,FAV,IL buletin,0
414C2,125,FAV,IL buletin,0
416B,127,FAV,IL buletin,0
416C2,127,FAV,IL buletin,0
416C3,127,FAV,IL univeristy,0
417B,95,UNF,IL buletin,1
417C2,95,UNF,IL buletin,1
417C3,95,UNF,IL univeristy,1
417D2,95,UNF,IL buletin,1
417D3,95,UNF,IL univeristy,1
417E2,95,UNF,IL buletin,1
417F,95,UNF,IL buletin,1
417G,95,UNF,IL buletin,1
418B,106,UNF,IL buletin,1
418C2,106,UNF,IL buletin,1
418D2,106,UNF,IL buletin,1
419A,119,FAV,IL buletin,0
419B,119,FAV,IL buletin,0
419C2,119,FAV,IL buletin,0
419D2,119,FAV,IL buletin,0
419D3,119,FAV,IL univeristy,0
4210A,126,FAV,IL buletin,0
421G,93,FAV,IL buletin,0
423A,110,FAV,IL buletin,0
423B,110,FAV,IL buletin,0
427,96,FAV,IL buletin,0
428,132,FAV,IL buletin,0
429B2,105,FAV,IL buletin,0
429C,105,FAV,IL buletin,0
429C2,105,FAV,IL buletin,0
429D2,105,FAV,IL buletin,0
429E2,105,FAV,IL buletin,0
42A,103,FAV,IL univeristy,0
430A,138,FAV,IL buletin,0
430B,138,FAV,IL buletin,0
430C,138,FAV,IL buletin,0
432A,110,FAV,IL buletin,0
432B,110,FAV,IL buletin,0
433A,102,FAV,IL buletin,0
434A,117,FAV,IL buletin,0
434B,117,FAV,IL buletin,0
434B2,117,FAV,IL buletin,0
434C2,117,FAV,IL buletin,0
434D,117,FAV,IL buletin,0
434D2,117,FAV,IL buletin,0
434D3,117,FAV,IL univeristy,0
435A,131,FAV,IL buletin,0
436A,137,FAV,IL buletin,0
436B,137,FAV,IL buletin,0
437B,114,FAV,IL buletin,0
437C2,114,FAV,IL buletin,0
437D,114,FAV,IL buletin,0
437D3,114,FAV,IL univeristy,0
438B,137,FAV,IL buletin,0
438C2,137,FAV,IL buletin,0
43A,142,FAV,IL buletin,0
43B,142,FAV,IL buletin,0
43B2,142,FAV,IL buletin,0
440A,130,FAV,IL buletin,0
440B,130,FAV,IL buletin,0
440C2,130,FAV,IL buletin,0
441B,139,FAV,IL buletin,0
441C2,139,FAV,IL buletin,0
442A,138,FAV,IL buletin,0
442B,138,FAV,IL buletin,0
443A,130,FAV,IL buletin,0
443B,130,FAV,IL buletin,0
445A,125,FAV,IL buletin,0
446A,132,FAV,IL buletin,0
448B,118,FAV,IL buletin,0
448B2,118,FAV,IL buletin,0
448C2,118,FAV,IL buletin,0
448C3,118,FAV,IL univeristy,0
448D3,118,FAV,IL univeristy,0
44A,136,FAV,IL buletin,0
451,140,FAV,IL buletin,0
4516A,115,FAV,IL univeristy,0
453A,119,FAV,IL buletin,0
453B,119,FAV,IL buletin,0
453B2,119,FAV,IL buletin,0
453C,119,FAV,IL buletin,0
453C2,119,FAV,IL buletin,0
453C3,119,FAV,IL buletin,0
453D2,119,FAV,IL buletin,0
453D3,119,FAV,IL buletin,0
454,124,FAV,IL buletin,0
454B,124,FAV,IL buletin,0
457A,89,FAV,IL buletin,0
45A,118,FAV,IL buletin,0
461A,105,FAV,IL buletin,0
461B,105,FAV,IL buletin,0
462A,105,FAV,IL buletin,0
462B,105,FAV,IL buletin,0
462C2,105,FAV,IL buletin,0
462D2,105,FAV,IL buletin,0
462E2,105,FAV,IL buletin,0
465A,110,FAV,IL buletin,0
465A+,110,FAV,IL univeristy,0
466A,127,FAV,IL buletin,0
467B,105,UNF,IL buletin,1
467B2,105,UNF,IL buletin,1
467C2,105,UNF,IL buletin,1
467C3,105,UNF,IL univeristy,1
467D2,105,UNF,IL univeristy,1
467D3,105,UNF,IL univeristy,1
467E,105,UNF,IL buletin,1
467E3,105,UNF,IL univeristy,1
468A,121,FAV,IL buletin,0
46A,133,FAV,IL buletin,0
470B,114,UNF,IL buletin,1
470B2,114,UNF,IL buletin,1
470C,114,UNF,IL buletin,1
470C2,114,UNF,IL buletin,1
471D2,61,UNF,IL univeristy,1
471F,61,UNF,IL univeristy,1
471G,61,UNF,IL univeristy,1
472C2,108,FAV,IL buletin,0
472D2,108,FAV,IL buletin,0
472E2,108,FAV,IL buletin,0
474A,104,UNF,IL buletin,1
4777A,110,FAV,IL buletin,0
477B,119,FAV,IL buletin,0
477B2,119,FAV,IL buletin,0
477B3,119,FAV,IL univeristy,0
477C,119,FAV,IL buletin,0
477C2,119,FAV,IL buletin,0
477C3,119,FAV,IL univeristy,0
477D2,119,FAV,IL buletin,0
477D3,119,FAV,IL univeristy,0
477E3,119,FAV,IL buletin,0
477F,119,FAV,IL buletin,0
47A,138,FAV,IL buletin,0
481A,134,FAV,IL buletin,0
482A,117,FAV,IL buletin,0
482B,117,FAV,IL buletin,0
482B2,117,FAV,IL buletin,0
482C2,117,FAV,IL buletin,0
482C3,117,FAV,IL univeristy,0
482D2,117,FAV,IL buletin,0
482E3,117,FAV,IL univeristy,0
483A,117,FAV,IL buletin,0
484A,140,FAV,IL buletin,0
485A,136,FAV,IL buletin,0
485B,136,FAV,IL buletin,0
485C2,136,FAV,IL buletin,0
486B,114,FAV,IL buletin,0
486C2,114,FAV,IL buletin,0
487A,132,FAV,IL buletin,0
488A,121,FAV,IL buletin,0
48A,125,FAV,IL buletin,0
4904A,124,FAV,IL buletin,0
490A,129,FAV,IL buletin,0
491B,116,FAV,IL buletin,0
491B2,116,FAV,IL univeristy,0
491C2,116,FAV,IL buletin,0
491C3,116,FAV,IL univeristy,0
491D,116,FAV,IL buletin,0
491D2,116,FAV,IL buletin,0
491D3,116,FAV,IL univeristy,0
493A,122,FAV,IL univeristy,0
494A,115,FAV,IL buletin,0
494B,115,FAV,IL buletin,0
495B,122,FAV,IL univeristy,0
495C3,122,FAV,IL univeristy,0
496A,121,FAV,IL buletin,0
496B2,121,FAV,IL buletin,0
49A,93,FAV,IL buletin,0
4B,111,FAV,IL buletin,0
4B2,111,FAV,IL buletin,0
4C2,111,FAV,IL buletin,0
50,135,FAV,IL buletin,0
5002A,109,FAV,IL buletin,0
501A,87,FAV,IL univeristy,0
503A,101,FAV,IL univeristy,0
503B,101,FAV,IL univeristy,0
503C2,101,FAV,IL univeristy,0
505C2,74,UNF,IL buletin,1
505D2,74,UNF,IL buletin,1
505D3,74,UNF,IL univeristy,1
505E2,74,UNF,IL buletin,1
505E3,74,UNF,IL univeristy,1
505F2,74,UNF,IL buletin,1
505G,74,UNF,IL buletin,1
506A,118,FAV,IL buletin,0
506B,118,FAV,IL buletin,0
506C2,118,FAV,IL buletin,0
506C3,113,FAV,IL univeristy,0
5079B2,120,FAV,IL buletin,0
5079C3,120,FAV,IL buletin,0
5079D2,120,FAV,IL buletin,0
5079D3,120,FAV,IL univeristy,0
5079E3,120,FAV,IL buletin,0
5079G,120,FAV,IL buletin,0
509A,90,FAV,IL univeristy,0
509B,90,FAV,IL buletin,0
509C2,90,FAV,IL buletin,0
509D,90,FAV,IL buletin,0
509D2,90,FAV,IL buletin,0
509E2,90,FAV,IL buletin,0
509F,90,FAV,IL buletin,0
50A,135,FAV,IL buletin,0
512A,138,FAV,IL buletin,0
512B,138,FAV,IL buletin,0
512C2,138,FAV,IL buletin,0
513A,108,FAV,IL univeristy,0
515B2,110,FAV,IL univeristy,0
515B3,110,FAV,IL buletin,0
515C2,110,FAV,IL univeristy,0
515C3,110,FAV,IL buletin,0
515D,110,FAV,IL univeristy,0
515D2,110,FAV,IL univeristy,0
515D3,110,FAV,IL buletin,0
516A,115,FAV,IL univeristy,0
517A,104,FAV,IL buletin,0
517B,104,FAV,IL buletin,0
518B,105,UNF,IL buletin,1
518B2,105,UNF,IL buletin,1
518C2,105,UNF,IL buletin,1
518C3,105,UNF,IL univeristy,1
51A,147,FAV,IL buletin,0
51B,147,FAV,IL buletin,0
51B2,147,FAV,IL buletin,0
5214B2,105,UNF,IL buletin,1
5214C3,105,UNF,IL buletin,1
5214D3,105,UNF,IL buletin,1
522B,0,Crop yield data not available,IL buletin,0
522D,0,Crop yield data not available,IL buletin,0
522F,0,Crop yield data not available,IL buletin,0
523A,132,FAV,IL buletin,0
524,103,FAV,IL univeristy,0
525A,95,UNF,IL buletin,1
526A,138,FAV,IL buletin,0
527B,115,FAV,IL buletin,0
527C,115,FAV,IL buletin,0
527C2,115,FAV,IL univeristy,0
527D,115,FAV,IL buletin,0
527D2,115,FAV,IL univeristy,0
527D3,115,FAV,IL univeristy,0
528A,126,FAV,IL buletin,0
529A,121,FAV,IL buletin,0
5301C3,102,UNF,IL buletin,1
5301D3,102,UNF,IL buletin,1
5308B2,121,FAV,IL buletin,0
5308C3,121,FAV,IL buletin,0
5308D3,121,FAV,IL buletin,0
5308E3,121,FAV,IL buletin,0
530B,109,FAV,IL buletin,0
530B2,109,FAV,IL buletin,0
530C,109,FAV,IL buletin,0
530C2,109,FAV,IL buletin,0
530C3,109,FAV,IL univeristy,0
530D,109,FAV,IL buletin,0
530D2,109,FAV,IL buletin,0
530D3,109,FAV,IL univeristy,0
530E,109,FAV,IL buletin,0
530E2,109,FAV,IL buletin,0
530F,109,FAV,IL buletin,0
530G,109,FAV,IL buletin,0
531B,114,FAV,IL buletin,0
531C2,114,FAV,IL buletin,0
531D2,114,FAV,IL buletin,0
533,0,Crop yield data not available,IL buletin,0
5333A,128,FAV,IL buletin,0
534A,0,Crop yield data not available,IL univeristy,0
534B,0,Crop yield data not available,IL univeristy,0
535B,0,Crop yield data not available,IL buletin,0
536,0,Crop yield data not available,IL buletin,0
538B2,126,FAV,IL buletin,0
538C2,126,FAV,IL buletin,0
539B,131,FAV,IL buletin,0
539C2,131,FAV,IL buletin,0
53B,85,FAV,IL buletin,0
53C,85,FAV,IL buletin,0
53C2,85,FAV,IL buletin,0
53D,85,FAV,IL univeristy,0
53D2,85,FAV,IL buletin,0
53E,85,FAV,IL buletin,0
53F,85,FAV,IL univeristy,0
540C,97,FAV,IL buletin,0
541A,134,FAV,IL buletin,0
541B,134,FAV,IL buletin,0
541B2,134,FAV,IL buletin,0
541C2,134,FAV,IL buletin,0
542A,138,FAV,IL univeristy,0
542B,138,FAV,IL univeristy,0
543B,122,FAV,IL buletin,0
544A,123,FAV,IL buletin,0
545A,126,FAV,IL buletin,0
545B,126,FAV,IL buletin,0
546B,117,FAV,IL buletin,0
546C2,117,FAV,IL buletin,0
547B,105,FAV,IL buletin,0
547C2,105,FAV,IL buletin,0
547D2,105,FAV,IL buletin,0
547E2,105,FAV,IL buletin,0
5491C3,116,FAV,IL univeristy,0
5491D2,116,FAV,IL buletin,0
5491D3,116,FAV,IL univeristy,0
5491G,116,FAV,IL buletin,0
549B,107,UNF,IL buletin,1
549B2,107,UNF,IL buletin,1
549C2,107,UNF,IL buletin,1
549D2,107,UNF,IL buletin,1
549D3,107,UNF,IL univeristy,1
549E2,107,UNF,IL buletin,1
549F,107,UNF,IL buletin,1
549F2,107,UNF,IL buletin,1
549G,107,UNF,IL buletin,1
54B,76,FAV,IL univeristy,0
54C,76,FAV,IL buletin,0
54D,76,FAV,IL buletin,0
54E,76,FAV,IL buletin,0
54F,76,FAV,IL buletin,0
551C2,85,UNF,IL univeristy,1
551D2,85,UNF,IL buletin,1
551D3,85,UNF,IL univeristy,1
551F,85,UNF,IL buletin,1
551G,85,UNF,IL univeristy,1
553A,121,FAV,IL univeristy,0
554A,113,FAV,IL buletin,0
554B,113,FAV,IL buletin,0
555A,96,FAV,IL buletin,0
556B,95,UNF,IL univeristy,1
557A,130,FAV,IL buletin,0
5582B,109,FAV,IL buletin,0
5582C2,109,FAV,IL buletin,0
558A,118,FAV,IL buletin,0
559F,93,FAV,IL buletin,0
559G,93,FAV,IL buletin,0
55B,132,FAV,IL buletin,0
560D2,94,UNF,IL univeristy,1
560E,94,UNF,IL univeristy,1
560F,94,UNF,IL univeristy,1
561B,96,FAV,IL buletin,0
561C2,96,FAV,IL buletin,0
561D2,96,FAV,IL buletin,0
564A,119,FAV,IL buletin,0
564B,119,FAV,IL buletin,0
564B2,119,FAV,IL buletin,0
564C2,119,FAV,IL buletin,0
565A,112,FAV,IL univeristy,0
565B,112,FAV,IL buletin,0
565C2,112,FAV,IL buletin,0
565D2,112,FAV,IL buletin,0
565D3,112,FAV,IL buletin,0
565F2,112,FAV,IL buletin,0
566B,103,FAV,IL buletin,0
566C2,103,FAV,IL buletin,0
566D2,103,FAV,IL buletin,0
567A,125,FAV,IL buletin,0
567B,125,FAV,IL buletin,0
567B2,125,FAV,IL buletin,0
567C2,125,FAV,IL buletin,0
567C3,125,FAV,IL univeristy,0
567D,125,FAV,IL buletin,0
567D2,125,FAV,IL buletin,0
567D3,125,FAV,IL univeristy,0
569C2,86,FAV,IL buletin,0
569F2,86,FAV,IL univeristy,0
56A,131,FAV,IL buletin,0
56B,131,FAV,IL buletin,0
56B2,131,FAV,IL buletin,0
56C2,131,FAV,IL univeristy,0
56C3,131,FAV,IL univeristy,0
570A,114,FAV,IL buletin,0
570B,114,FAV,IL buletin,0
570B2,114,FAV,IL univeristy,0
570C,114,FAV,IL univeristy,0
570C2,114,FAV,IL buletin,0
570C3,114,FAV,IL univeristy,0
570D,114,FAV,IL buletin,0
570D2,114,FAV,IL buletin,0
570D3,114,FAV,IL univeristy,0
570E2,114,FAV,IL univeristy,0
570F,114,FAV,IL univeristy,0
571A,120,FAV,IL univeristy,0
571B,120,FAV,IL buletin,0
572A,121,FAV,IL buletin,0
572B,121,FAV,IL univeristy,0
572C,121,FAV,IL buletin,0
572C2,121,FAV,IL buletin,0
573B,102,FAV,IL buletin,0
573C2,102,FAV,IL buletin,0
576A,106,FAV,IL buletin,0
576B,106,FAV,IL buletin,0
576C,106,FAV,IL buletin,0
581,93,UNF,IL buletin,1
581A,93,UNF,IL buletin,1
581B,93,UNF,IL buletin,1
581B2,93,UNF,IL buletin,1
581C3,93,UNF,IL univeristy,1
582B,109,FAV,IL buletin,0
582B2,109,FAV,IL buletin,0
582C,109,FAV,IL buletin,0
582C2,109,FAV,IL buletin,0
582C3,109,FAV,IL univeristy,0
582D3,109,FAV,IL univeristy,0
583A,116,FAV,IL buletin,0
583B,116,FAV,IL buletin,0
583B2,116,FAV,IL buletin,0
583C2,116,FAV,IL buletin,0
583C3,116,FAV,IL univeristy,0
583D2,116,FAV,IL buletin,0
584B2,88,UNF,IL buletin,1
585C2,102,FAV,IL buletin,0
585D,102,FAV,IL univeristy,0
585D2,102,FAV,IL buletin,0
585F,102,FAV,IL buletin,0
585F2,102,FAV,IL buletin,0
585G,102,FAV,IL buletin,0
587B,132,FAV,IL buletin,0
588A,94,FAV,IL buletin,0
5912A,93,UNF,IL univeristy,1
594A,130,FAV,IL univeristy,0
596B,130,FAV,IL buletin,0
598B,93,FAV,IL buletin,0
598C,93,FAV,IL buletin,0
598C2,93,FAV,IL buletin,0
598C3,93,FAV,IL buletin,0
598D,93,FAV,IL buletin,0
598D2,93,FAV,IL buletin,0
598D3,93,FAV,IL buletin,0
599D,82,FAV,IL univeristy,0
599F,82,FAV,IL univeristy,0
599G,82,FAV,IL univeristy,0
59A,136,FAV,IL buletin,0
59B,136,FAV,IL buletin,0
5B2,104,UNF,IL buletin,1
5B3,104,UNF,IL buletin,1
5C2,104,UNF,IL buletin,1
5C3,104,UNF,IL univeristy,1
5D,104,UNF,IL buletin,1
5D2,104,UNF,IL buletin,1
5D3,104,UNF,IL univeristy,1
605C2,86,UNF,IL buletin,1
605C3,86,UNF,IL univeristy,1
605D2,86,UNF,IL buletin,1
605D3,86,UNF,IL univeristy,1
605E2,86,UNF,IL buletin,1
605E3,86,UNF,IL univeristy,1
606F,65,UNF,IL buletin,1
606G,65,UNF,IL buletin,1
609A,124,FAV,IL univeristy,0
60B2,118,FAV,IL buletin,0
60C2,118,FAV,IL univeristy,0
60C3,118,FAV,IL univeristy,0
60D2,118,FAV,IL univeristy,0
60D3,118,FAV,IL univeristy,0
610A,123,FAV,IL buletin,0
614A,129,FAV,IL univeristy,0
614B,129,FAV,IL univeristy,0
614B2,129,FAV,IL univeristy,0
615C2,78,FAV,IL buletin,0
615F,78,FAV,IL buletin,0
618B,107,FAV,IL buletin,0
618B2,107,FAV,IL buletin,0
618C2,107,FAV,IL buletin,0
618C3,107,FAV,IL univeristy,0
618D2,107,FAV,IL buletin,0
618D3,107,FAV,IL univeristy,0
618E,107,FAV,IL buletin,0
618E2,107,FAV,IL buletin,0
618F,107,FAV,IL buletin,0
618G,107,FAV,IL buletin,0
61A,132,FAV,IL buletin,0
61B,132,FAV,IL buletin,0
61B2,132,FAV,IL buletin,0
620B,93,UNF,IL buletin,1
620B2,93,UNF,IL buletin,1
620B3,93,UNF,IL univeristy,1
621B2,110,UNF,IL buletin,1
622B,120,FAV,IL buletin,0
622B2,120,FAV,IL buletin,0
622C2,120,FAV,IL buletin,0
622C3,120,FAV,IL univeristy,0
622D2,120,FAV,IL buletin,0
622D3,120,FAV,IL univeristy,0
623A,135,FAV,IL buletin,0
623B,135,FAV,IL buletin,0
624B,115,FAV,IL buletin,0
624C2,115,FAV,IL buletin,0
624D2,115,FAV,IL buletin,0
624E,115,FAV,IL buletin,0
625A,137,FAV,IL buletin,0
625B,137,FAV,IL buletin,0
626A,124,FAV,IL buletin,0
629C2,113,FAV,IL buletin,0
629D2,113,FAV,IL buletin,0
62A,131,FAV,IL buletin,0
630B2,104,FAV,IL univeristy,0
630C2,104,FAV,IL univeristy,0
630C3,104,FAV,IL buletin,0
630D2,104,FAV,IL univeristy,0
630D3,104,FAV,IL buletin,0
631B2,108,FAV,IL buletin,0
631C2,108,FAV,IL buletin,0
631D2,108,FAV,IL buletin,0
632A,121,FAV,IL univeristy,0
635A,138,FAV,IL buletin,0
635B,138,FAV,IL buletin,0
636B,125,FAV,IL buletin,0
636C2,125,FAV,IL buletin,0
637A+,125,FAV,IL univeristy,0
638A,125,FAV,IL buletin,0
639A,95,FAV,IL buletin,0
640A,101,FAV,IL buletin,0
640B,101,FAV,IL buletin,0
640B2,101,FAV,IL buletin,0
645A,118,FAV,IL univeristy,0
647A,118,FAV,IL buletin,0
648A,139,FAV,IL buletin,0
649A,137,FAV,IL buletin,0
650B,131,FAV,IL buletin,0
651C2,84,FAV,IL buletin,0
651C3,84,FAV,IL univeristy,0
651D2,84,FAV,IL buletin,0
651D3,84,FAV,IL univeristy,0
651E2,84,FAV,IL buletin,0
652C2,95,FAV,IL buletin,0
652C3,95,FAV,IL univeristy,0
652D2,95,FAV,IL buletin,0
652D3,95,FAV,IL univeristy,0
656B,118,FAV,IL buletin,0
656C2,118,FAV,IL buletin,0
656D2,118,FAV,IL buletin,0
657A,108,FAV,IL buletin,0
658F,80,UNF,IL univeristy,1
660C2,97,UNF,IL univeristy,1
660C3,97,UNF,IL univeristy,1
660D2,97,UNF,IL buletin,1
660D3,97,UNF,IL univeristy,1
661B,113,FAV,IL univeristy,0
661C2,113,FAV,IL univeristy,0
662A,125,FAV,IL buletin,0
662B,125,FAV,IL buletin,0
662C2,125,FAV,IL buletin,0
663A,134,FAV,IL buletin,0
663B,134,FAV,IL buletin,0
664A,0,Crop yield data not available,IL univeristy,0
667A,128,FAV,IL buletin,0
667B,128,FAV,IL buletin,0
667C2,128,FAV,IL buletin,0
668A,117,FAV,IL buletin,0
668B,117,FAV,IL buletin,0
668B2,117,FAV,IL buletin,0
67,133,FAV,IL buletin,0
670A,92,FAV,IL buletin,0
671A,142,FAV,IL buletin,0
671B,142,FAV,IL buletin,0
671B2,142,FAV,IL buletin,0
671C2,142,FAV,IL buletin,0
672A,117,FAV,IL buletin,0
672B,117,FAV,IL buletin,0
672D3,117,FAV,IL buletin,0
675A,134,FAV,IL buletin,0
675B,134,FAV,IL buletin,0
675C,134,FAV,IL buletin,0
675C2,134,FAV,IL buletin,0
678A,133,FAV,IL buletin,0
678B,133,FAV,IL buletin,0
679A,142,FAV,IL buletin,0
679B,142,FAV,IL buletin,0
67A,133,FAV,IL buletin,0
680A,119,FAV,IL buletin,0
680B,119,FAV,IL buletin,0
681E,0,Crop yield data not available,IL buletin,0
683A,144,FAV,IL buletin,0
684A,138,FAV,IL buletin,0
684B,138,FAV,IL buletin,0
684C2,138,FAV,IL buletin,0
685B,117,FAV,IL buletin,0
685C2,117,FAV,IL buletin,0
685C3,117,FAV,IL univeristy,0
685D2,117,FAV,IL buletin,0
685D3,117,FAV,IL univeristy,0
686A,138,FAV,IL buletin,0
686B,138,FAV,IL buletin,0
686B2,138,FAV,IL buletin,0
686C2,138,FAV,IL buletin,0
687B,130,FAV,IL buletin,0
687B2,130,FAV,IL buletin,0
687C2,130,FAV,IL buletin,0
688B,76,UNF,IL buletin,1
688D,76,UNF,IL buletin,1
688G,76,UNF,IL buletin,1
689A,76,FAV,IL univeristy,0
689B,76,FAV,IL univeristy,0
689D,76,FAV,IL univeristy,0
689F,76,FAV,IL univeristy,0
689G,76,FAV,IL univeristy,0
68A,143,FAV,IL buletin,0
68A+,143,FAV,IL univeristy,0
690F,93,UNF,IL univeristy,1
690G,93,UNF,IL univeristy,1
691C,85,FAV,IL buletin,0
691C2,85,FAV,IL buletin,0
691D,85,FAV,IL buletin,0
691D2,85,FAV,IL buletin,0
691F,85,FAV,IL buletin,0
691G,85,FAV,IL buletin,0
692D,120,FAV,IL univeristy,0
692D2,120,FAV,IL univeristy,0
692F,120,FAV,IL univeristy,0
692G,120,FAV,IL univeristy,0
694D,82,FAV,IL univeristy,0
694D2,82,FAV,IL univeristy,0
694F,82,FAV,IL univeristy,0
696A,119,FAV,IL buletin,0
696B,119,FAV,IL buletin,0
696C2,119,FAV,IL buletin,0
696D2,119,FAV,IL buletin,0
697A,132,FAV,IL buletin,0
697B,132,FAV,IL buletin,0
698A,124,FAV,IL buletin,0
698B,124,FAV,IL buletin,0
699A,138,FAV,IL buletin,0
69A,128,FAV,IL buletin,0
6B2,97,UNF,IL buletin,1
6C2,97,UNF,IL buletin,1
6C3,97,UNF,IL univeristy,1
6D2,97,UNF,IL buletin,1
6D3,97,UNF,IL univeristy,1
70,132,FAV,IL buletin,0
701D,92,FAV,IL univeristy,0
701D3,92,FAV,IL univeristy,0
701F,92,FAV,IL univeristy,0
701F3,92,FAV,IL univeristy,0
7026,109,FAV,IL buletin,0
7026A,109,FAV,IL buletin,0
702F,92,FAV,IL univeristy,0
7037A,142,FAV,IL buletin,0
7037B,142,FAV,IL buletin,0
703A,108,FAV,IL univeristy,0
7049A,93,FAV,IL buletin,0
7053B,85,FAV,IL univeristy,0
7054B,76,FAV,IL buletin,0
705A,142,FAV,IL buletin,0
705B,142,FAV,IL buletin,0
705B2,142,FAV,IL buletin,0
7067A,133,FAV,IL buletin,0
706B,99,FAV,IL buletin,0
706C,99,FAV,IL buletin,0
7070A,132,FAV,IL buletin,0
7071A,111,FAV,IL buletin,0
7072A,122,FAV,IL buletin,0
7073A,134,FAV,IL univeristy,0
7075A,126,FAV,IL buletin,0
7075B,126,FAV,IL buletin,0
7076A,139,FAV,IL buletin,0
7078A,130,FAV,IL buletin,0
7081A,142,FAV,IL buletin,0
7081B,142,FAV,IL buletin,0
7082A,125,FAV,IL univeristy,0
7083A,116,FAV,IL buletin,0
7084,96,FAV,IL buletin,0
7084A,88,FAV,IL buletin,0
7087A,104,FAV,IL buletin,0
7087B,104,FAV,IL buletin,0
7088B,92,FAV,IL buletin,0
7093B,84,UNF,IL univeristy,1
7098B,103,FAV,IL univeristy,0
709A,115,FAV,IL buletin,0
709B2,115,FAV,IL buletin,0
7100A,118,FAV,IL buletin,0
7102A,121,FAV,IL buletin,0
7102B,121,FAV,IL buletin,0
7103A,130,FAV,IL buletin,0
7104A,132,FAV,IL buletin,0
7107A,139,FAV,IL buletin,0
7107A+,139,FAV,IL univeristy,0
7109A,106,FAV,IL buletin,0
7122B,98,UNF,IL buletin,1
7122B2,98,UNF,IL buletin,1
7122C,98,UNF,IL univeristy,1
7122C2,98,UNF,IL buletin,1
7122D,98,UNF,IL buletin,1
7122D2,98,UNF,IL buletin,1
7122D3,98,UNF,IL univeristy,1
7122F2,98,UNF,IL buletin,1
712A,134,FAV,IL buletin,0
7131A,111,FAV,IL buletin,0
7131B,111,FAV,IL buletin,0
7131C,111,FAV,IL buletin,0
7131C2,111,FAV,IL buletin,0
7131D2,111,FAV,IL buletin,0
7131D3,111,FAV,IL univeristy,0
7131E,111,FAV,IL buletin,0
7132A,119,FAV,IL buletin,0
7134A,119,FAV,IL buletin,0
7134B,119,FAV,IL buletin,0
7134B2,119,FAV,IL buletin,0
7134C,119,FAV,IL buletin,0
7136A,112,FAV,IL buletin,0
713G,64,UNF,IL univeristy,1
7142A,132,FAV,IL buletin,0
7142A+,132,FAV,IL univeristy,0
7148A,135,FAV,IL buletin,0
7148B,135,FAV,IL buletin,0
7150A,110,FAV,IL buletin,0
7150B,110,FAV,IL buletin,0
7151A,114,FAV,IL univeristy,0
7155A,92,UNF,IL univeristy,1
7155B,92,UNF,IL univeristy,1
7155C,92,UNF,IL univeristy,1
715A,140,FAV,IL buletin,0
7172A,109,FAV,IL buletin,0
7173A,100,UNF,IL buletin,1
7173B2,100,UNF,IL buletin,1
7175B,98,FAV,IL buletin,0
7176A,123,FAV,IL buletin,0
7178A,99,FAV,IL univeristy,0
717F,61,UNF,IL univeristy,1
717G,61,UNF,IL univeristy,1
7180A,131,FAV,IL buletin,0
7183A,116,FAV,IL buletin,0
7184A,111,FAV,IL buletin,0
7188A,114,FAV,IL buletin,0
7191A,121,FAV,IL buletin,0
7198A,143,FAV,IL buletin,0
7199A,142,FAV,IL buletin,0
7199B,142,FAV,IL buletin,0
719A,131,FAV,IL univeristy,0
719B,131,FAV,IL univeristy,0
719C2,131,FAV,IL univeristy,0
7200A,110,FAV,IL univeristy,0
7201A,110,FAV,IL buletin,0
7206A,126,FAV,IL buletin,0
7208,116,FAV,IL buletin,0
7208A,116,FAV,IL buletin,0
7210A,126,FAV,IL buletin,0
721A,143,FAV,IL buletin,0
722A,144,FAV,IL univeristy,0
7239A,127,FAV,IL buletin,0
723A,124,FAV,IL buletin,0
723B,124,FAV,IL buletin,0
723B2,124,FAV,IL buletin,0
723B3,124,FAV,IL univeristy,0
7242A,125,FAV,IL buletin,0
7242B,125,FAV,IL buletin,0
7243A,122,FAV,IL buletin,0
7243B,122,FAV,IL buletin,0
724D2,117,FAV,IL buletin,0
7266B,108,FAV,IL buletin,0
726A,136,FAV,IL buletin,0
727A,109,FAV,IL buletin,0
727B,109,FAV,IL buletin,0
7284A,134,FAV,IL univeristy,0
7286A,106,FAV,IL buletin,0
7286B,106,FAV,IL buletin,0
7288A,117,FAV,IL buletin,0
728B,122,FAV,IL buletin,0
728C2,122,FAV,IL buletin,0
728D2,122,FAV,IL buletin,0
7290A,119,FAV,IL univeristy,0
7302A,114,FAV,IL buletin,0
7304A,100,FAV,IL buletin,0
7304B,100,FAV,IL univeristy,0
730B,0,Crop yield data not available,IL univeristy,0
730D,0,Crop yield data not available,IL univeristy,0
730G,0,Crop yield data not available,IL univeristy,0
731B,113,FAV,IL buletin,0
731C2,113,FAV,IL buletin,0
731D2,113,FAV,IL buletin,0
732A,105,FAV,IL buletin,0
732B,105,FAV,IL buletin,0
732C,105,FAV,IL buletin,0
7331,132,FAV,IL buletin,0
7331A,132,FAV,IL buletin,0
7333A,128,FAV,IL buletin,0
7337A,110,FAV,IL buletin,0
7337B,110,FAV,IL buletin,0
7338A,100,UNF,IL buletin,1
7338B,100,UNF,IL buletin,1
7338B2,100,UNF,IL univeristy,1
733C2,122,FAV,IL univeristy,0
733C3,122,FAV,IL univeristy,0
7345A,118,FAV,IL buletin,0
7349B,98,FAV,IL buletin,0
735C2,103,UNF,IL univeristy,1
735D2,103,UNF,IL univeristy,1
735E2,103,UNF,IL univeristy,1
736D2,116,FAV,IL univeristy,0
7373B,109,FAV,IL buletin,0
7379A,112,FAV,IL univeristy,0
7379B,112,FAV,IL univeristy,0
737A,139,FAV,IL buletin,0
737B,139,FAV,IL buletin,0
737C2,139,FAV,IL buletin,0
7387A,115,FAV,IL univeristy,0
739B,65,UNF,IL buletin,1
739D,65,UNF,IL buletin,1
7401A,88,FAV,IL buletin,0
7404A,118,FAV,IL buletin,0
7406A,120,FAV,IL buletin,0
740A,129,FAV,IL buletin,0
7415A,131,FAV,IL buletin,0
741B,82,FAV,IL buletin,0
741D,82,FAV,IL buletin,0
741D3,82,FAV,IL buletin,0
741E,82,FAV,IL buletin,0
741F,82,FAV,IL buletin,0
7424,127,FAV,IL univeristy,0
7428A,132,FAV,IL buletin,0
742B,108,FAV,IL buletin,0
742B2,108,FAV,IL buletin,0
742C,108,FAV,IL buletin,0
742C2,108,FAV,IL buletin,0
7430A,138,FAV,IL buletin,0
7430B,138,FAV,IL buletin,0
7432A,110,FAV,IL buletin,0
7434A,117,FAV,IL buletin,0
7434B,117,FAV,IL buletin,0
7434B2,117,FAV,IL buletin,0
7434C2,117,FAV,IL buletin,0
7434D,117,FAV,IL buletin,0
7434D3,117,FAV,IL univeristy,0
7436A,137,FAV,IL buletin,0
7436B,137,FAV,IL buletin,0
7437B,114,FAV,IL buletin,0
7440B,130,FAV,IL univeristy,0
7445A,125,FAV,IL buletin,0
7446A,132,FAV,IL buletin,0
744D2,82,FAV,IL univeristy,0
7451A,140,FAV,IL buletin,0
7452A,127,FAV,IL univeristy,0
7457A,89,FAV,IL univeristy,0
745A,113,UNF,IL buletin,1
745B,113,UNF,IL buletin,1
745C2,113,UNF,IL buletin,1
7460A,108,FAV,IL buletin,0
7462A,105,FAV,IL buletin,0
7462B,105,FAV,IL buletin,0
7462C2,105,FAV,IL buletin,0
7462C3,105,FAV,IL buletin,0
7462D2,105,FAV,IL buletin,0
7462D3,105,FAV,IL buletin,0
7463A,108,FAV,IL buletin,0
7463B,108,FAV,IL buletin,0
7463C2,108,FAV,IL buletin,0
7463D2,108,FAV,IL buletin,0
7463D3,108,FAV,IL buletin,0
7463E2,108,FAV,IL buletin,0
7465A,110,FAV,IL buletin,0
7466,127,FAV,IL buletin,0
7467B2,105,UNF,IL buletin,1
7467C2,105,UNF,IL buletin,1
7468,121,FAV,IL buletin,0
7468A,121,FAV,IL buletin,0
747A,128,FAV,IL buletin,0
7482B,117,FAV,IL buletin,0
7482C2,117,FAV,IL buletin,0
7483A,117,FAV,IL buletin,0
7484A,140,FAV,IL buletin,0
748A,135,FAV,IL buletin,0
748B,135,FAV,IL buletin,0
748C2,135,FAV,IL buletin,0
749B,142,FAV,IL buletin,0
750A,105,FAV,IL buletin,0
750B,105,FAV,IL buletin,0
750C2,105,FAV,IL buletin,0
7516A,115,FAV,IL univeristy,0
751A,107,FAV,IL buletin,0
7524A,103,FAV,IL univeristy,0
7524A+,103,FAV,IL univeristy,0
752C2,109,FAV,IL buletin,0
753B,111,FAV,IL buletin,0
753C2,111,FAV,IL buletin,0
753D2,111,FAV,IL buletin,0
754B,0,Crop yield data not available,IL univeristy,0
754D,0,Crop yield data not available,IL univeristy,0
754G,0,Crop yield data not available,IL univeristy,0
755F2,85,FAV,IL buletin,0
756B,114,FAV,IL buletin,0
756C2,114,FAV,IL buletin,0
7570A,114,FAV,IL univeristy,0
7570B,114,FAV,IL buletin,0
7571A,120,FAV,IL univeristy,0
757B2,102,FAV,IL buletin,0
757C2,102,FAV,IL buletin,0
7587B,132,FAV,IL buletin,0
7588A,94,FAV,IL buletin,0
758A,118,FAV,IL buletin,0
759A,101,FAV,IL buletin,0
75A,126,FAV,IL buletin,0
75B,126,FAV,IL buletin,0
75C,126,FAV,IL buletin,0
75C2,126,FAV,IL buletin,0
75C3,126,FAV,IL buletin,0
75D,126,FAV,IL buletin,0
75F,126,FAV,IL buletin,0
7603A,131,FAV,IL buletin,0
760A,124,FAV,IL buletin,0
761B,86,UNF,IL univeristy,1
761D,86,UNF,IL univeristy,1
761F,86,UNF,IL univeristy,1
763A,130,FAV,IL buletin,0
763B,130,FAV,IL buletin,0
764A,105,FAV,IL buletin,0
764B,105,FAV,IL buletin,0
764C,105,FAV,IL buletin,0
7654A,110,FAV,IL buletin,0
766A,133,FAV,IL buletin,0
7672A,117,FAV,IL buletin,0
7674A,137,FAV,IL buletin,0
767A,138,FAV,IL buletin,0
7682A,131,FAV,IL univeristy,0
768B,87,FAV,IL buletin,0
768C,87,FAV,IL buletin,0
768D,87,FAV,IL buletin,0
769B,89,UNF,IL buletin,1
769D,89,UNF,IL buletin,1
769E2,89,UNF,IL buletin,1
770A,103,FAV,IL univeristy,0
7711A,113,FAV,IL buletin,0
7711B,113,FAV,IL buletin,0
7711B2,113,FAV,IL buletin,0
771A,114,FAV,IL buletin,0
7722A,144,FAV,IL univeristy,0
772A,124,FAV,IL buletin,0
7741B,82,FAV,IL univeristy,0
7741C,82,FAV,IL buletin,0
7744A,82,FAV,IL univeristy,0
774A,108,FAV,IL buletin,0
7750A,105,FAV,IL buletin,0
7750B,105,FAV,IL buletin,0
7750C2,105,FAV,IL buletin,0
7751A,107,FAV,IL buletin,0
7777A,110,FAV,IL buletin,0
777A,110,FAV,IL buletin,0
7787A,106,FAV,IL buletin,0
7788B,127,FAV,IL univeristy,0
779B,77,FAV,IL buletin,0
779D,77,FAV,IL buletin,0
779F,77,FAV,IL buletin,0
77A,143,FAV,IL buletin,0
77B,143,FAV,IL univeristy,0
7800B,0,Crop yield data not available,IL buletin,0
7802B,0,Crop yield data not available,IL buletin,0
7803C,0,Crop yield data not available,IL buletin,0
780B,105,FAV,IL univeristy,0
780C2,105,FAV,IL univeristy,0
7812E,0,Crop yield data not available,IL buletin,0
7815B,108,FAV,IL buletin,0
781A,119,FAV,IL univeristy,0
781B,119,FAV,IL univeristy,0
782A,131,FAV,IL buletin,0
783A,96,FAV,IL buletin,0
783B,96,FAV,IL buletin,0
7841A,106,FAV,IL univeristy,0
784F,63,UNF,IL buletin,1
785C,83,FAV,IL univeristy,0
785F,83,FAV,IL univeristy,0
785G,83,FAV,IL univeristy,0
7865,0,Crop yield data not available,IL buletin,0
786D2,87,UNF,IL univeristy,1
786D3,87,UNF,IL univeristy,1
786E,87,UNF,IL univeristy,1
786F,87,UNF,IL univeristy,1
790A,0,Crop yield data not available,IL univeristy,0
791A,109,FAV,IL buletin,0
791B,109,FAV,IL buletin,0
791B2,109,FAV,IL buletin,0
791C2,109,FAV,IL buletin,0
792A,130,FAV,IL buletin,0
792B,130,FAV,IL buletin,0
792C2,130,FAV,IL buletin,0
793F,63,UNF,IL univeristy,1
793G,63,UNF,IL univeristy,1
794G,107,UNF,IL univeristy,1
796A,97,UNF,IL buletin,1
797D,92,FAV,IL univeristy,0
797D3,99,FAV,IL buletin,0
798C2,122,FAV,IL univeristy,0
799D,0,Crop yield data not available,IL univeristy,0
79B,120,FAV,IL buletin,0
79B2,120,FAV,IL buletin,0
79C,120,FAV,IL buletin,0
79C2,120,FAV,IL buletin,0
79C3,120,FAV,IL univeristy,0
79D,120,FAV,IL buletin,0
79D2,120,FAV,IL buletin,0
79D3,120,FAV,IL univeristy,0
79E,120,FAV,IL buletin,0
79E2,120,FAV,IL buletin,0
79E3,120,FAV,IL univeristy,0
79F,120,FAV,IL buletin,0
79F3,120,FAV,IL univeristy,0
79G,120,FAV,IL buletin,0
7B2,90,UNF,IL buletin,1
7B3,90,UNF,IL univeristy,1
7C2,90,UNF,IL buletin,1
7C3,90,UNF,IL univeristy,1
7D2,90,UNF,IL buletin,1
7D3,90,UNF,IL univeristy,1
800,0,Crop yield data not available,IL buletin,0
800A,0,Crop yield data not available,IL buletin,0
800C,0,Crop yield data not available,IL buletin,0
801,0,Crop yield data not available,IL buletin,0
801B,0,Crop yield data not available,IL buletin,0
801C,0,Crop yield data not available,IL buletin,0
801D,0,Crop yield data not available,IL buletin,0
801E,0,Crop yield data not available,IL buletin,0
802,0,Crop yield data not available,IL buletin,0
8026A,109,FAV,IL buletin,0
8028A,122,FAV,IL buletin,0
802A,0,Crop yield data not available,IL buletin,0
802B,0,Crop yield data not available,IL buletin,0
802D,0,Crop yield data not available,IL buletin,0
802E,0,Crop yield data not available,IL buletin,0
802F,0,Crop yield data not available,IL buletin,0
8038B,109,FAV,IL buletin,0
803C,0,Crop yield data not available,IL buletin,0
803F,0,Crop yield data not available,IL buletin,0
804D,0,Crop yield data not available,IL buletin,0
804F,0,Crop yield data not available,IL buletin,0
804G,0,Crop yield data not available,IL buletin,0
805A,0,Crop yield data not available,IL buletin,0
805B,0,Crop yield data not available,IL buletin,0
805C,0,Crop yield data not available,IL buletin,0
805D,0,Crop yield data not available,IL buletin,0
8067A,133,FAV,IL buletin,0
8070,132,FAV,IL buletin,0
8070A,132,FAV,IL buletin,0
8071,111,FAV,IL buletin,0
8071A,111,FAV,IL buletin,0
8071A+,111,FAV,IL univeristy,0
8071L,111,FAV,IL buletin,0
8072A,122,FAV,IL buletin,0
8073A,134,FAV,IL buletin,0
8074A,136,FAV,IL buletin,0
8076A,139,FAV,IL buletin,0
8077A,143,FAV,IL buletin,0
8078A,130,FAV,IL buletin,0
807A,0,Crop yield data not available,IL buletin,0
807B,0,Crop yield data not available,IL buletin,0
8082A,125,FAV,IL univeristy,0
8083,116,FAV,IL buletin,0
8084A,96,FAV,IL buletin,0
8085A,82,FAV,IL univeristy,0
8085L,82,FAV,IL univeristy,0
8088B,92,FAV,IL univeristy,0
808E,0,Crop yield data not available,IL buletin,0
8092,84,FAV,IL buletin,0
8092A,84,FAV,IL buletin,0
8092B,84,FAV,IL buletin,0
809F,0,Crop yield data not available,IL buletin,0
810,0,Crop yield data not available,IL buletin,0
8100A,118,FAV,IL buletin,0
8103A,130,FAV,IL buletin,0
8104A,132,FAV,IL buletin,0
8107+,139,FAV,IL univeristy,0
8107A,139,FAV,IL buletin,0
8107A+,139,FAV,IL univeristy,0
8107wA,139,FAV,IL buletin,0
8108A,111,FAV,IL buletin,0
8109A,106,FAV,IL buletin,0
811A,0,,IL univeristy,0
811B,0,,IL univeristy,0
811D,0,,IL univeristy,0
8122B,98,UNF,IL buletin,1
8122C3,98,UNF,IL univeristy,1
8122D3,98,UNF,IL univeristy,1
8131B,111,FAV,IL buletin,0
813F,0,Crop yield data not available,IL buletin,0
814A,142,FAV,IL univeristy,0
8151A,114,FAV,IL buletin,0
8162A,130,FAV,IL buletin,0
8166A,133,FAV,IL buletin,0
816B,0,Crop yield data not available,IL buletin,0
816D,0,Crop yield data not available,IL buletin,0
8175B,98,FAV,IL buletin,0
8178A,99,FAV,IL buletin,0
8179A,104,FAV,IL buletin,0
817A,79,UNF,IL univeristy,1
817B,79,UNF,IL univeristy,1
8180A,131,FAV,IL buletin,0
8183A,116,FAV,IL univeristy,0
8184A,111,FAV,IL buletin,0
8184B,111,FAV,IL buletin,0
818A,138,FAV,IL univeristy,0
819G,86,UNF,IL buletin,1
81A,142,FAV,IL buletin,0
81B,142,FAV,IL buletin,0
820E,95,UNF,IL buletin,1
820G,95,UNF,IL buletin,1
8210A,126,FAV,IL buletin,0
8217A,106,FAV,IL buletin,0
821C,80,FAV,IL buletin,0
821G,80,FAV,IL buletin,0
822A,125,FAV,IL univeristy,0
822B,125,FAV,IL univeristy,0
8239A,127,FAV,IL buletin,0
8239B,127,FAV,IL buletin,0
823A,97,FAV,IL univeristy,0
823B,97,FAV,IL univeristy,0
823C,97,FAV,IL univeristy,0
823D,97,FAV,IL univeristy,0
823F,97,FAV,IL univeristy,0
8248A,119,FAV,IL buletin,0
824B,92,FAV,IL buletin,0
824C,92,FAV,IL buletin,0
825B,90,FAV,IL univeristy,0
825C,90,FAV,IL univeristy,0
825D,90,FAV,IL univeristy,0
826D,0,Crop yield data not available,IL buletin,0
827A,127,FAV,IL buletin,0
827B,127,FAV,IL buletin,0
827B2,127,FAV,IL buletin,0
827C2,127,FAV,IL buletin,0
8284A,134,FAV,IL univeristy,0
8288,117,FAV,IL buletin,0
8288A,117,FAV,IL univeristy,0
828B,138,FAV,IL univeristy,0
828D2,138,FAV,IL univeristy,0
829B,139,FAV,IL buletin,0
830,0,Crop yield data not available,IL univeristy,0
8302,114,FAV,IL buletin,0
8302A,114,FAV,IL univeristy,0
8304A,100,FAV,IL buletin,0
8304B,100,FAV,IL univeristy,0
830B,0,Crop yield data not available,IL univeristy,0
8321A,125,FAV,IL buletin,0
832F,61,UNF,IL univeristy,1
832G,61,UNF,IL univeristy,1
8331A,132,FAV,IL buletin,0
8331vb,132,FAV,IL buletin,0
8333A,128,FAV,IL buletin,0
8334A,117,FAV,IL buletin,0
8336A,128,FAV,IL buletin,0
8338A,100,UNF,IL buletin,1
8338B,100,UNF,IL buletin,1
8338B2,100,UNF,IL buletin,1
8338C2,100,UNF,IL univeristy,1
833F,65,UNF,IL univeristy,1
833F2,65,UNF,IL univeristy,1
833G,65,UNF,IL univeristy,1
8349B,98,FAV,IL buletin,0
834F,90,UNF,IL univeristy,1
834G,90,UNF,IL univeristy,1
835G,0,Crop yield data not available,IL buletin,0
8366A,0,,IL univeristy,0
8368A,107,FAV,IL univeristy,0
836G,107,FAV,IL univeristy,0
8378A,81,FAV,IL univeristy,0
837G,83,FAV,IL univeristy,0
8382A,117,FAV,IL buletin,0
838F,122,FAV,IL univeristy,0
838F2,122,FAV,IL univeristy,0
838G,122,FAV,IL univeristy,0
8394A,118,FAV,IL buletin,0
8394B,118,FAV,IL buletin,0
8395A,118,FAV,IL buletin,0
8396A,123,FAV,IL buletin,0
839B,0,Crop yield data not available,IL univeristy,0
8400A,137,FAV,IL buletin,0
8400L,137,FAV,IL buletin,0
8402A,138,FAV,IL univeristy,0
8404A,118,FAV,IL buletin,0
8405A,116,FAV,IL univeristy,0
8406A,120,FAV,IL buletin,0
840B,109,FAV,IL univeristy,0
840C2,109,FAV,IL univeristy,0
8415A,131,FAV,IL buletin,0
8415wA,131,FAV,IL buletin,0
8420A,108,FAV,IL buletin,0
8422A,103,FAV,IL buletin,0
8422A+,103,FAV,IL univeristy,0
8424A,127,FAV,IL buletin,0
8426A,101,FAV,IL buletin,0
8426A+,101,FAV,IL univeristy,0
8427B,96,FAV,IL buletin,0
8428A,132,FAV,IL buletin,0
842G,92,FAV,IL univeristy,0
8431A,125,FAV,IL univeristy,0
8432A,110,FAV,IL buletin,0
8434B,117,FAV,IL buletin,0
8436B,137,FAV,IL buletin,0
844B2,102,UNF,IL buletin,1
8451A,140,FAV,IL buletin,0
8452A,127,FAV,IL univeristy,0
8452B,127,FAV,IL buletin,0
8456B,118,FAV,IL univeristy,0
8457A,89,FAV,IL buletin,0
8457L,89,FAV,IL univeristy,0
8460A,108,FAV,IL buletin,0
8469A,110,FAV,IL buletin,0
8469B,110,FAV,IL buletin,0
8469C2,110,FAV,IL buletin,0
8473A,132,FAV,IL buletin,0
8475B,110,FAV,IL univeristy,0
8489A,94,UNF,IL buletin,1
848B,130,FAV,IL univeristy,0
8492A,124,FAV,IL univeristy,0
8499A,135,FAV,IL buletin,0
849A,130,FAV,IL univeristy,0
84A,96,FAV,IL buletin,0
850C2,92,FAV,IL univeristy,0
850C3,92,FAV,IL univeristy,0
850D2,92,FAV,IL univeristy,0
850D3,92,FAV,IL univeristy,0
8516A,115,FAV,IL univeristy,0
851E3,120,FAV,IL univeristy,0
851F,120,FAV,IL univeristy,0
851G,120,FAV,IL univeristy,0
8524A,103,FAV,IL buletin,0
8524A+,103,FAV,IL univeristy,0
8524L,103,FAV,IL univeristy,0
852F,120,FAV,IL univeristy,0
854B,119,FAV,IL buletin,0
854F,120,FAV,IL univeristy,0
855A,139,FAV,IL buletin,0
855B,139,FAV,IL buletin,0
855F,108,FAV,IL buletin,0
856E2,115,FAV,IL buletin,0
856F,115,FAV,IL buletin,0
856G,115,FAV,IL buletin,0
8579A,85,UNF,IL univeristy,1
857G,99,UNF,IL buletin,1
8589A,111,FAV,IL buletin,0
8590A,119,FAV,IL buletin,0
8591A,115,FAV,IL buletin,0
8592A,120,FAV,IL buletin,0
8595A,110,FAV,IL buletin,0
8597A,132,FAV,IL univeristy,0
8608A,108,FAV,IL buletin,0
860D,90,UNF,IL univeristy,1
860D3,90,UNF,IL univeristy,1
8611A,129,FAV,IL buletin,0
861B2,85,FAV,IL univeristy,0
861D2,85,FAV,IL univeristy,0
861F,85,FAV,IL univeristy,0
862,0,Crop yield data not available,IL univeristy,0
863,0,Crop yield data not available,IL buletin,0
8634A,126,FAV,IL univeristy,0
8638A,125,FAV,IL buletin,0
864,0,Crop yield data not available,IL buletin,0
8646A,0,Crop yield data not available,IL buletin,0
865,0,Crop yield data not available,IL buletin,0
866,0,Crop yield data not available,IL buletin,0
8665A,103,FAV,IL buletin,0
867,0,Crop yield data not available,IL univeristy,0
8674A,137,FAV,IL buletin,0
868,0,Crop yield data not available,IL buletin,0
8682A,131,FAV,IL univeristy,0
8682B,131,FAV,IL univeristy,0
869,0,Crop yield data not available,IL univeristy,0
8693A,100,UNF,IL univeristy,1
86A,141,FAV,IL buletin,0
86B,141,FAV,IL buletin,0
86B2,141,FAV,IL buletin,0
86C,141,FAV,IL buletin,0
86C2,141,FAV,IL buletin,0
86C3,141,FAV,IL univeristy,0
86D2,141,FAV,IL buletin,0
87,104,FAV,IL buletin,0
871B,90,FAV,IL univeristy,0
871C,90,FAV,IL univeristy,0
871D,90,FAV,IL univeristy,0
871E,90,FAV,IL buletin,0
871G,90,FAV,IL univeristy,0
8720A,133,FAV,IL buletin,0
872B,110,FAV,IL buletin,0
872C,110,FAV,IL buletin,0
873D2,96,UNF,IL univeristy,1
873E2,96,UNF,IL univeristy,1
874F,106,FAV,IL buletin,0
876B,85,FAV,IL univeristy,0
876D,85,FAV,IL buletin,0
876G,85,FAV,IL buletin,0
8776A,138,FAV,IL univeristy,0
8782A,131,FAV,IL buletin,0
8787A,106,FAV,IL buletin,0
8789A,110,FAV,IL buletin,0
878C2,110,UNF,IL univeristy,1
878C3,101,UNF,IL buletin,1
87A,104,FAV,IL buletin,0
87B,104,FAV,IL buletin,0
87B2,104,FAV,IL buletin,0
87C,104,FAV,IL buletin,0
87C2,104,FAV,IL buletin,0
87D2,104,FAV,IL buletin,0
8800B,0,Crop yield data not available,IL buletin,0
880B2,110,UNF,IL univeristy,1
8812F,0,Crop yield data not available,IL buletin,0
882A,110,UNF,IL buletin,1
882B,110,UNF,IL buletin,1
882B2,110,UNF,IL buletin,1
8831A,0,Crop yield data not available,IL univeristy,0
883F,90,UNF,IL univeristy,1
883G,90,UNF,IL univeristy,1
884B2,110,FAV,IL univeristy,0
884C3,111,UNF,IL buletin,1
884D3,111,UNF,IL buletin,1
885A,131,FAV,IL buletin,0
886E3,105,UNF,IL buletin,1
886F,116,FAV,IL univeristy,0
886F3,105,UNF,IL buletin,1
8875B,96,FAV,IL buletin,0
888C2,88,UNF,IL univeristy,1
889A,101,FAV,IL univeristy,0
889B2,101,FAV,IL univeristy,0
88A,92,FAV,IL buletin,0
88B,92,FAV,IL buletin,0
88B2,92,FAV,IL buletin,0
88C2,92,FAV,IL buletin,0
88D,92,FAV,IL buletin,0
88D2,92,FAV,IL buletin,0
88E,92,FAV,IL buletin,0
890C2,88,UNF,IL buletin,1
890C3,88,UNF,IL buletin,1
890D2,88,UNF,IL buletin,1
891,108,UNF,IL buletin,1
893B,138,FAV,IL univeristy,0
894A,122,UNF,IL buletin,1
895D,119,FAV,IL buletin,0
896,94,UNF,IL buletin,1
897C2,90,UNF,IL univeristy,1
897C3,104,UNF,IL buletin,1
897D2,90,UNF,IL univeristy,1
897D3,104,UNF,IL buletin,1
898D2,99,FAV,IL buletin,0
898D3,99,FAV,IL buletin,0
898F2,99,FAV,IL buletin,0
898F3,99,FAV,IL buletin,0
898G,92,FAV,IL univeristy,0
899B,120,FAV,IL buletin,0
89A,94,FAV,IL univeristy,0
8C2,92,FAV,IL buletin,0
8C3,92,FAV,IL univeristy,0
8D,92,FAV,IL univeristy,0
8D2,92,FAV,IL univeristy,0
8D3,92,FAV,IL univeristy,0
8E2,92,FAV,IL univeristy,0
8E3,92,FAV,IL univeristy,0
8F,92,FAV,IL univeristy,0
8F2,92,FAV,IL univeristy,0
8F3,92,FAV,IL univeristy,0
8G,92,FAV,IL univeristy,0
8cD,92,FAV,IL univeristy,0
8cD2,92,FAV,IL univeristy,0
8cD3,92,FAV,IL univeristy,0
8cE2,92,FAV,IL univeristy,0
8cE3,92,FAV,IL univeristy,0
8cF,92,FAV,IL univeristy,0
8cF2,92,FAV,IL univeristy,0
8cF3,92,FAV,IL univeristy,0
8cG,92,FAV,IL univeristy,0
9017A,119,FAV,IL buletin,0
9017B,119,FAV,IL buletin,0
9019D3,111,FAV,IL univeristy,0
901B,142,FAV,IL univeristy,0
902A,143,FAV,IL buletin,0
903A,127,FAV,IL buletin,0
9043A,142,FAV,IL buletin,0
9050A,135,FAV,IL buletin,0
9051A,147,FAV,IL buletin,0
905F,85,FAV,IL univeristy,0
905G,85,FAV,IL univeristy,0
9061A,132,FAV,IL buletin,0
9068A,143,FAV,IL buletin,0
906C3,110,UNF,IL buletin,1
907D3,109,UNF,IL buletin,1
9086A,141,FAV,IL buletin,0
9086B,141,FAV,IL buletin,0
908D2,92,FAV,IL univeristy,0
908D3,92,FAV,IL univeristy,0
908F,92,FAV,IL univeristy,0
908F3,92,FAV,IL univeristy,0
908G,92,FAV,IL univeristy,0
909A,114,UNF,IL buletin,1
909B,114,UNF,IL buletin,1
90A,134,FAV,IL buletin,0
90B,134,FAV,IL buletin,0
9111A,114,FAV,IL buletin,0
911G,92,FAV,IL univeristy,0
912A,93,UNF,IL univeristy,1
912B,93,UNF,IL univeristy,1
912B2,93,UNF,IL univeristy,1
913D,92,FAV,IL univeristy,0
913D2,92,FAV,IL univeristy,0
913D3,101,UNF,IL buletin,1
913F,92,FAV,IL univeristy,0
913F2,101,UNF,IL buletin,1
913G,92,FAV,IL univeristy,0
914C2,90,UNF,IL univeristy,1
914C3,90,UNF,IL univeristy,1
914D3,90,UNF,IL univeristy,1
9152A,144,FAV,IL buletin,0
915D2,112,FAV,IL univeristy,0
915E2,101,UNF,IL buletin,1
916A,93,UNF,IL univeristy,1
916B2,93,UNF,IL univeristy,1
917B,95,FAV,IL buletin,0
917C2,95,FAV,IL buletin,0
917D,95,FAV,IL buletin,0
917D2,95,FAV,IL buletin,0
918D3,90,UNF,IL univeristy,1
919D,94,UNF,IL buletin,1
919E,94,UNF,IL buletin,1
91A,118,UNF,IL buletin,1
91B,118,UNF,IL buletin,1
91B2,118,UNF,IL buletin,1
91C2,118,UNF,IL buletin,1
91C3,118,UNF,IL buletin,1
9216C2,115,FAV,IL buletin,0
9216D2,115,FAV,IL buletin,0
9216F,115,FAV,IL univeristy,0
9257A,128,FAV,IL buletin,0
9257B2,128,FAV,IL buletin,0
925B,121,FAV,IL univeristy,0
9278A,125,FAV,IL buletin,0
9278B,125,FAV,IL buletin,0
9279A,120,FAV,IL buletin,0
9279B,120,FAV,IL buletin,0
9279C2,120,FAV,IL buletin,0
9279C3,0,,IL univeristy,0
9279D3,120,FAV,IL univeristy,0
927C2,99,UNF,IL buletin,1
927C3,90,UNF,IL univeristy,1
927D3,90,UNF,IL univeristy,1
9280B,122,FAV,IL buletin,0
9280C2,122,FAV,IL buletin,0
9280C3,0,,IL univeristy,0
9280D2,122,FAV,IL buletin,0
9280D3,0,,IL univeristy,0
928C2,98,FAV,IL univeristy,0
928D2,98,FAV,IL univeristy,0
929C3,100,UNF,IL univeristy,1
929D2,100,UNF,IL univeristy,1
929D3,100,UNF,IL univeristy,1
929E2,100,UNF,IL univeristy,1
929E3,100,UNF,IL univeristy,1
934B2,98,UNF,IL buletin,1
934C2,98,UNF,IL buletin,1
934D3,104,UNF,IL univeristy,1
936D2,122,FAV,IL univeristy,0
936D3,110,FAV,IL buletin,0
936F,122,FAV,IL univeristy,0
936G,122,FAV,IL univeristy,0
937D2,92,FAV,IL univeristy,0
937D3,109,FAV,IL buletin,0
937F,92,FAV,IL univeristy,0
937F2,0,,IL univeristy,0
937G,92,FAV,IL univeristy,0
939C2,98,UNF,IL buletin,1
939D,98,UNF,IL buletin,1
939D2,98,UNF,IL buletin,1
939E,98,UNF,IL buletin,1
93B,84,UNF,IL univeristy,1
93C2,84,UNF,IL buletin,1
93D,84,UNF,IL univeristy,1
93D2,84,UNF,IL buletin,1
93E,84,UNF,IL univeristy,1
93E2,84,UNF,IL buletin,1
93F,84,UNF,IL buletin,1
93G,84,UNF,IL univeristy,1
940D,96,UNF,IL buletin,1
940D2,96,UNF,IL buletin,1
941A,122,UNF,IL buletin,1
943D2,118,FAV,IL buletin,0
943D3,118,FAV,IL buletin,0
943E3,118,FAV,IL buletin,0
943F,118,FAV,IL buletin,0
943F2,118,FAV,IL buletin,0
943G,118,FAV,IL buletin,0
943G2,118,FAV,IL buletin,0
944D2,107,UNF,IL buletin,1
946D2,90,UNF,IL univeristy,1
946D3,91,UNF,IL buletin,1
946F3,91,UNF,IL buletin,1
9477C2,119,FAV,IL buletin,0
9477D3,119,FAV,IL univeristy,0
947D2,92,FAV,IL univeristy,0
947D3,92,FAV,IL univeristy,0
95,0,Crop yield data not available,IL buletin,0
952C2,107,FAV,IL buletin,0
952D2,107,FAV,IL buletin,0
952D3,107,FAV,IL buletin,0
952F2,107,FAV,IL buletin,0
954D2,106,FAV,IL buletin,0
954F,106,FAV,IL buletin,0
955D,66,UNF,IL buletin,1
955D2,66,UNF,IL buletin,1
955F,66,UNF,IL buletin,1
955G,66,UNF,IL buletin,1
956B,94,UNF,IL univeristy,1
956C2,94,UNF,IL univeristy,1
956C3,94,UNF,IL univeristy,1
956D,94,UNF,IL univeristy,1
956D2,94,UNF,IL univeristy,1
956D3,94,UNF,IL univeristy,1
956E2,94,UNF,IL univeristy,1
956F,94,UNF,IL univeristy,1
957D2,103,UNF,IL buletin,1
957D3,90,UNF,IL univeristy,1
959G,93,FAV,IL buletin,0
960D2,104,FAV,IL buletin,0
960D3,122,FAV,IL univeristy,0
960F,104,FAV,IL buletin,0
961A,93,FAV,IL buletin,0
962C2,110,FAV,IL univeristy,0
962C3,110,FAV,IL buletin,0
962D2,110,FAV,IL univeristy,0
962D3,110,FAV,IL buletin,0
962E2,110,FAV,IL univeristy,0
962E3,110,FAV,IL buletin,0
962F,110,FAV,IL univeristy,0
962F2,110,FAV,IL univeristy,0
962G,110,FAV,IL univeristy,0
964D,104,FAV,IL buletin,0
964F,104,FAV,IL buletin,0
965C2,122,FAV,IL buletin,0
965D2,122,FAV,IL buletin,0
965F,122,FAV,IL buletin,0
966F,0,,IL univeristy,0
9675A,134,FAV,IL buletin,0
9675B,134,FAV,IL buletin,0
967F,85,UNF,IL univeristy,1
967G,89,UNF,IL buletin,1
969E2,103,UNF,IL univeristy,1
969F,103,UNF,IL univeristy,1
971D3,90,UNF,IL univeristy,1
973A,109,FAV,IL univeristy,0
976G,0,Crop yield data not available,IL buletin,0
977F,0,Crop yield data not available,IL univeristy,0
977G,83,UNF,IL buletin,1
978A,125,FAV,IL buletin,0
978B,125,FAV,IL buletin,0
979A,120,FAV,IL buletin,0
979B,120,FAV,IL buletin,0
981A,119,UNF,IL buletin,1
981B,119,UNF,IL buletin,1
982A,104,UNF,IL buletin,1
982B,104,UNF,IL buletin,1
983B,106,UNF,IL buletin,1
984B,125,FAV,IL buletin,0
985D2,116,FAV,IL buletin,0
986D,79,UNF,IL buletin,1
986D2,79,UNF,IL buletin,1
986D3,79,UNF,IL buletin,1
986F,79,UNF,IL buletin,1
986F2,79,UNF,IL buletin,1
986G,63,UNF,IL univeristy,1
988F,91,UNF,IL buletin,1
989A,125,FAV,IL univeristy,0
989B,125,FAV,IL univeristy,0
98A,103,FAV,IL buletin,0
98B,103,FAV,IL buletin,0
98D,103,FAV,IL buletin,0
9912A,93,UNF,IL univeristy,1
9912B2,93,UNF,IL univeristy,1
991A,109,FAV,IL univeristy,0
993,117,FAV,IL univeristy,0
993A,117,FAV,IL univeristy,0
995A,133,FAV,IL univeristy,0
9962D3,110,FAV,IL buletin,0
998F,92,FAV,IL univeristy,0
9991A,109,FAV,IL univeristy,0
999C2,121,FAV,IL univeristy,0
999D2,121,FAV,IL univeristy,0
999D3,121,FAV,IL univeristy,0
999E3,121,FAV,IL univeristy,0
999F3,121,FAV,IL univeristy,0
99F,0,Crop yield data not available,IL univeristy,0
99G,0,Crop yield data not available,IL buletin,0
DAM,0,Crop yield data not available,IL buletin,0
M-W,0,Crop yield data not available,IL univeristy,0
MW,0,Crop yield data not available,IL univeristy,0
W,0,Crop yield data not available,IL univeristy,0
W464,110,FAV,IL buletin,0
